Varco,Data,Passaggi 24h
S.P. 103 Cassanese Moderna al Km 6+240 Dir. Milano,07/01/2015,9740
S.P. 103 Cassanese Moderna al Km 6+240 Dir. Milano,07/02/2015,9682
S.P. 103 Cassanese Moderna al Km 6+240 Dir. Milano,07/03/2015,10158
S.P. 103 Cassanese Moderna al Km 6+240 Dir. Milano,07/04/2015,7155
S.P. 103 Cassanese Moderna al Km 6+240 Dir. Milano,07/05/2015,5566
S.P. 103 Cassanese Moderna al Km 6+240 Dir. Milano,07/06/2015,9570
S.P. 103 Cassanese Moderna al Km 6+240 Dir. Milano,07/07/2015,9971
S.P. 103 Cassanese Moderna al Km 6+240 Dir. Milano,07/08/2015,9789
S.P. 103 Cassanese Moderna al Km 6+240 Dir. Milano,07/09/2015,9831
S.P. 103 Cassanese Moderna al Km 6+240 Dir. Milano,07/10/2015,9764
S.P. 103 Cassanese Moderna al Km 6+240 Dir. Milano,07/11/2015,6682
S.P. 103 Cassanese Moderna al Km 6+240 Dir. Milano,07/12/2015,5031
S.P. 103 Cassanese Moderna al Km 6+240 Dir. Milano,07/13/2015,9519
S.P. 103 Cassanese Moderna al Km 6+240 Dir. Milano,07/14/2015,9568
S.P. 103 Cassanese Moderna al Km 6+240 Dir. Milano,07/15/2015,9299
S.P. 103 Cassanese Moderna al Km 6+240 Dir. Milano,07/16/2015,9692
S.P. 103 Cassanese Moderna al Km 6+240 Dir. Milano,07/17/2015,9701
S.P. 103 Cassanese Moderna al Km 6+240 Dir. Milano,07/18/2015,6458
S.P. 103 Cassanese Moderna al Km 6+240 Dir. Milano,07/19/2015,5063
S.P. 103 Cassanese Moderna al Km 6+240 Dir. Milano,07/20/2015,9293
S.P. 103 Cassanese Moderna al Km 6+240 Dir. Milano,07/21/2015,9468
S.P. 103 Cassanese Moderna al Km 6+240 Dir. Milano,07/22/2015,9315
S.P. 103 Cassanese Moderna al Km 6+240 Dir. Milano,07/23/2015,9558
S.P. 103 Cassanese Moderna al Km 6+240 Dir. Milano,07/24/2015,9635
S.P. 103 Cassanese Moderna al Km 6+240 Dir. Milano,07/25/2015,6366
S.P. 103 Cassanese Moderna al Km 6+240 Dir. Milano,07/26/2015,4869
S.P. 103 Cassanese Moderna al Km 6+240 Dir. Milano,07/27/2015,9062
S.P. 103 Cassanese Moderna al Km 6+240 Dir. Milano,07/28/2015,9355
S.P. 103 Cassanese Moderna al Km 6+240 Dir. Milano,07/29/2015,9356
S.P. 103 Cassanese Moderna al Km 6+240 Dir. Milano,07/30/2015,9388
S.P. 103 Cassanese Moderna al Km 6+240 Dir. Milano,07/31/2015,9119
S.P. 103 Cassanese Moderna al Km 6+240 Dir. Milano,08/01/2015,6032
S.P. 103 Cassanese Moderna al Km 6+240 Dir. Milano,08/02/2015,4356
S.P. 103 Cassanese Moderna al Km 6+240 Dir. Milano,08/03/2015,7975
S.P. 103 Cassanese Moderna al Km 6+240 Dir. Milano,08/04/2015,7803
S.P. 103 Cassanese Moderna al Km 6+240 Dir. Milano,08/05/2015,7873
S.P. 103 Cassanese Moderna al Km 6+240 Dir. Milano,08/06/2015,7772
S.P. 103 Cassanese Moderna al Km 6+240 Dir. Milano,08/07/2015,7315
S.P. 103 Cassanese Moderna al Km 6+240 Dir. Milano,08/08/2015,4652
S.P. 103 Cassanese Moderna al Km 6+240 Dir. Milano,08/09/2015,3372
S.P. 103 Cassanese Moderna al Km 6+240 Dir. Milano,08/10/2015,5582
S.P. 103 Cassanese Moderna al Km 6+240 Dir. Milano,08/11/2015,5288
S.P. 103 Cassanese Moderna al Km 6+240 Dir. Milano,08/12/2015,5036
S.P. 103 Cassanese Moderna al Km 6+240 Dir. Milano,08/13/2015,5070
S.P. 103 Cassanese Moderna al Km 6+240 Dir. Milano,08/14/2015,4803
S.P. 103 Cassanese Moderna al Km 6+240 Dir. Milano,08/15/2015,2401
S.P. 103 Cassanese Moderna al Km 6+240 Dir. Milano,08/16/2015,2912
S.P. 103 Cassanese Moderna al Km 6+240 Dir. Milano,08/17/2015,4850
S.P. 103 Cassanese Moderna al Km 6+240 Dir. Milano,08/18/2015,4940
S.P. 103 Cassanese Moderna al Km 6+240 Dir. Milano,08/19/2015,4981
S.P. 103 Cassanese Moderna al Km 6+240 Dir. Milano,08/20/2015,5080
S.P. 103 Cassanese Moderna al Km 6+240 Dir. Milano,08/21/2015,5232
S.P. 103 Cassanese Moderna al Km 6+240 Dir. Milano,08/22/2015,4096
S.P. 103 Cassanese Moderna al Km 6+240 Dir. Milano,08/23/2015,3487
S.P. 103 Cassanese Moderna al Km 6+240 Dir. Milano,08/24/2015,6401
S.P. 103 Cassanese Moderna al Km 6+240 Dir. Milano,08/25/2015,6878
S.P. 103 Cassanese Moderna al Km 6+240 Dir. Milano,08/26/2015,6953
S.P. 103 Cassanese Moderna al Km 6+240 Dir. Milano,08/27/2015,7220
S.P. 103 Cassanese Moderna al Km 6+240 Dir. Milano,08/28/2015,7606
S.P. 103 Cassanese Moderna al Km 6+240 Dir. Milano,08/29/2015,5361
S.P. 103 Cassanese Moderna al Km 6+240 Dir. Milano,08/30/2015,4607
S.P. 103 Cassanese Moderna al Km 6+240 Dir. Milano,08/31/2015,8505
S.P. 103 Cassanese Moderna al Km 6+240 Dir. Milano,09/01/2015,8934
S.P. 103 Cassanese Moderna al Km 6+240 Dir. Milano,09/02/2015,9143
S.P. 103 Cassanese Moderna al Km 6+240 Dir. Milano,09/03/2015,9255
S.P. 103 Cassanese Moderna al Km 6+240 Dir. Milano,09/04/2015,9766
S.P. 103 Cassanese Moderna al Km 6+240 Dir. Milano,09/05/2015,6796
S.P. 103 Cassanese Moderna al Km 6+240 Dir. Milano,09/06/2015,5331
S.P. 103 Cassanese Moderna al Km 6+240 Dir. Milano,09/07/2015,9461
S.P. 103 Cassanese Moderna al Km 6+240 Dir. Milano,09/08/2015,9674
S.P. 103 Cassanese Moderna al Km 6+240 Dir. Milano,09/09/2015,9799
S.P. 103 Cassanese Moderna al Km 6+240 Dir. Milano,09/10/2015,9879
S.P. 103 Cassanese Moderna al Km 6+240 Dir. Milano,09/11/2015,10293
S.P. 103 Cassanese Moderna al Km 6+240 Dir. Milano,09/12/2015,7144
S.P. 103 Cassanese Moderna al Km 6+240 Dir. Milano,09/13/2015,5431
S.P. 103 Cassanese Moderna al Km 6+240 Dir. Milano,09/14/2015,9612
S.P. 103 Cassanese Moderna al Km 6+240 Dir. Milano,09/15/2015,9924
S.P. 103 Cassanese Moderna al Km 6+240 Dir. Milano,09/16/2015,10059
S.P. 103 Cassanese Moderna al Km 6+240 Dir. Milano,09/17/2015,9927
S.P. 103 Cassanese Moderna al Km 6+240 Dir. Milano,09/18/2015,10523
S.P. 103 Cassanese Moderna al Km 6+240 Dir. Milano,09/19/2015,7379
S.P. 103 Cassanese Moderna al Km 6+240 Dir. Milano,09/20/2015,5746
S.P. 103 Cassanese Moderna al Km 6+240 Dir. Milano,09/21/2015,9888
S.P. 103 Cassanese Moderna al Km 6+240 Dir. Milano,09/22/2015,10018
S.P. 103 Cassanese Moderna al Km 6+240 Dir. Milano,09/23/2015,10211
S.P. 103 Cassanese Moderna al Km 6+240 Dir. Milano,09/24/2015,10511
S.P. 103 Cassanese Moderna al Km 6+240 Dir. Milano,09/25/2015,10625
S.P. 103 Cassanese Moderna al Km 6+240 Dir. Milano,09/26/2015,7492
S.P. 103 Cassanese Moderna al Km 6+240 Dir. Milano,09/27/2015,5805
S.P. 103 Cassanese Moderna al Km 6+240 Dir. Milano,09/28/2015,10062
S.P. 103 Cassanese Moderna al Km 6+240 Dir. Milano,09/29/2015,10029
S.P. 103 Cassanese Moderna al Km 6+240 Dir. Milano,09/30/2015,10263
S.P. 103 Cassanese Moderna al Km 6+260 Dir. Brescia,07/01/2015,10187
S.P. 103 Cassanese Moderna al Km 6+260 Dir. Brescia,07/02/2015,10364
S.P. 103 Cassanese Moderna al Km 6+260 Dir. Brescia,07/03/2015,11224
S.P. 103 Cassanese Moderna al Km 6+260 Dir. Brescia,07/04/2015,7554
S.P. 103 Cassanese Moderna al Km 6+260 Dir. Brescia,07/05/2015,4651
S.P. 103 Cassanese Moderna al Km 6+260 Dir. Brescia,07/06/2015,8738
S.P. 103 Cassanese Moderna al Km 6+260 Dir. Brescia,07/07/2015,8917
S.P. 103 Cassanese Moderna al Km 6+260 Dir. Brescia,07/08/2015,10072
S.P. 103 Cassanese Moderna al Km 6+260 Dir. Brescia,07/09/2015,10242
S.P. 103 Cassanese Moderna al Km 6+260 Dir. Brescia,07/10/2015,10657
S.P. 103 Cassanese Moderna al Km 6+260 Dir. Brescia,07/11/2015,6798
S.P. 103 Cassanese Moderna al Km 6+260 Dir. Brescia,07/12/2015,4842
S.P. 103 Cassanese Moderna al Km 6+260 Dir. Brescia,07/13/2015,9696
S.P. 103 Cassanese Moderna al Km 6+260 Dir. Brescia,07/14/2015,9803
S.P. 103 Cassanese Moderna al Km 6+260 Dir. Brescia,07/15/2015,9879
S.P. 103 Cassanese Moderna al Km 6+260 Dir. Brescia,07/16/2015,10163
S.P. 103 Cassanese Moderna al Km 6+260 Dir. Brescia,07/17/2015,9070
S.P. 103 Cassanese Moderna al Km 6+260 Dir. Brescia,07/18/2015,6419
S.P. 103 Cassanese Moderna al Km 6+260 Dir. Brescia,07/19/2015,3727
S.P. 103 Cassanese Moderna al Km 6+260 Dir. Brescia,07/20/2015,8938
S.P. 103 Cassanese Moderna al Km 6+260 Dir. Brescia,07/21/2015,8003
S.P. 103 Cassanese Moderna al Km 6+260 Dir. Brescia,07/22/2015,8237
S.P. 103 Cassanese Moderna al Km 6+260 Dir. Brescia,07/23/2015,8162
S.P. 103 Cassanese Moderna al Km 6+260 Dir. Brescia,07/24/2015,10141
S.P. 103 Cassanese Moderna al Km 6+260 Dir. Brescia,07/25/2015,6822
S.P. 103 Cassanese Moderna al Km 6+260 Dir. Brescia,07/26/2015,4950
S.P. 103 Cassanese Moderna al Km 6+260 Dir. Brescia,07/27/2015,9449
S.P. 103 Cassanese Moderna al Km 6+260 Dir. Brescia,07/28/2015,9732
S.P. 103 Cassanese Moderna al Km 6+260 Dir. Brescia,07/29/2015,9785
S.P. 103 Cassanese Moderna al Km 6+260 Dir. Brescia,07/30/2015,9917
S.P. 103 Cassanese Moderna al Km 6+260 Dir. Brescia,07/31/2015,9804
S.P. 103 Cassanese Moderna al Km 6+260 Dir. Brescia,08/01/2015,6738
S.P. 103 Cassanese Moderna al Km 6+260 Dir. Brescia,08/02/2015,4423
S.P. 103 Cassanese Moderna al Km 6+260 Dir. Brescia,08/03/2015,8228
S.P. 103 Cassanese Moderna al Km 6+260 Dir. Brescia,08/04/2015,7712
S.P. 103 Cassanese Moderna al Km 6+260 Dir. Brescia,08/05/2015,8006
S.P. 103 Cassanese Moderna al Km 6+260 Dir. Brescia,08/06/2015,7211
S.P. 103 Cassanese Moderna al Km 6+260 Dir. Brescia,08/07/2015,6865
S.P. 103 Cassanese Moderna al Km 6+260 Dir. Brescia,08/08/2015,4081
S.P. 103 Cassanese Moderna al Km 6+260 Dir. Brescia,08/09/2015,2964
S.P. 103 Cassanese Moderna al Km 6+260 Dir. Brescia,08/10/2015,5780
S.P. 103 Cassanese Moderna al Km 6+260 Dir. Brescia,08/11/2015,5210
S.P. 103 Cassanese Moderna al Km 6+260 Dir. Brescia,08/12/2015,4736
S.P. 103 Cassanese Moderna al Km 6+260 Dir. Brescia,08/13/2015,4638
S.P. 103 Cassanese Moderna al Km 6+260 Dir. Brescia,08/14/2015,5192
S.P. 103 Cassanese Moderna al Km 6+260 Dir. Brescia,08/15/2015,2449
S.P. 103 Cassanese Moderna al Km 6+260 Dir. Brescia,08/16/2015,2894
S.P. 103 Cassanese Moderna al Km 6+260 Dir. Brescia,08/17/2015,5132
S.P. 103 Cassanese Moderna al Km 6+260 Dir. Brescia,08/18/2015,5371
S.P. 103 Cassanese Moderna al Km 6+260 Dir. Brescia,08/19/2015,5352
S.P. 103 Cassanese Moderna al Km 6+260 Dir. Brescia,08/20/2015,5389
S.P. 103 Cassanese Moderna al Km 6+260 Dir. Brescia,08/21/2015,5743
S.P. 103 Cassanese Moderna al Km 6+260 Dir. Brescia,08/22/2015,4499
S.P. 103 Cassanese Moderna al Km 6+260 Dir. Brescia,08/23/2015,3508
S.P. 103 Cassanese Moderna al Km 6+260 Dir. Brescia,08/24/2015,6899
S.P. 103 Cassanese Moderna al Km 6+260 Dir. Brescia,08/25/2015,7353
S.P. 103 Cassanese Moderna al Km 6+260 Dir. Brescia,08/26/2015,7558
S.P. 103 Cassanese Moderna al Km 6+260 Dir. Brescia,08/27/2015,7885
S.P. 103 Cassanese Moderna al Km 6+260 Dir. Brescia,08/28/2015,8057
S.P. 103 Cassanese Moderna al Km 6+260 Dir. Brescia,08/29/2015,5102
S.P. 103 Cassanese Moderna al Km 6+260 Dir. Brescia,08/30/2015,4073
S.P. 103 Cassanese Moderna al Km 6+260 Dir. Brescia,08/31/2015,8725
S.P. 103 Cassanese Moderna al Km 6+260 Dir. Brescia,09/01/2015,9511
S.P. 103 Cassanese Moderna al Km 6+260 Dir. Brescia,09/02/2015,9710
S.P. 103 Cassanese Moderna al Km 6+260 Dir. Brescia,09/03/2015,9952
S.P. 103 Cassanese Moderna al Km 6+260 Dir. Brescia,09/04/2015,10519
S.P. 103 Cassanese Moderna al Km 6+260 Dir. Brescia,09/05/2015,7265
S.P. 103 Cassanese Moderna al Km 6+260 Dir. Brescia,09/06/2015,5594
S.P. 103 Cassanese Moderna al Km 6+260 Dir. Brescia,09/07/2015,10137
S.P. 103 Cassanese Moderna al Km 6+260 Dir. Brescia,09/08/2015,10015
S.P. 103 Cassanese Moderna al Km 6+260 Dir. Brescia,09/09/2015,10550
S.P. 103 Cassanese Moderna al Km 6+260 Dir. Brescia,09/10/2015,10442
S.P. 103 Cassanese Moderna al Km 6+260 Dir. Brescia,09/11/2015,11078
S.P. 103 Cassanese Moderna al Km 6+260 Dir. Brescia,09/12/2015,7759
S.P. 103 Cassanese Moderna al Km 6+260 Dir. Brescia,09/13/2015,5947
S.P. 103 Cassanese Moderna al Km 6+260 Dir. Brescia,09/14/2015,10262
S.P. 103 Cassanese Moderna al Km 6+260 Dir. Brescia,09/15/2015,10516
S.P. 103 Cassanese Moderna al Km 6+260 Dir. Brescia,09/16/2015,10873
S.P. 103 Cassanese Moderna al Km 6+260 Dir. Brescia,09/17/2015,10632
S.P. 103 Cassanese Moderna al Km 6+260 Dir. Brescia,09/18/2015,11534
S.P. 103 Cassanese Moderna al Km 6+260 Dir. Brescia,09/19/2015,8204
S.P. 103 Cassanese Moderna al Km 6+260 Dir. Brescia,09/20/2015,6162
S.P. 103 Cassanese Moderna al Km 6+260 Dir. Brescia,09/21/2015,10382
S.P. 103 Cassanese Moderna al Km 6+260 Dir. Brescia,09/22/2015,10607
S.P. 103 Cassanese Moderna al Km 6+260 Dir. Brescia,09/23/2015,10819
S.P. 103 Cassanese Moderna al Km 6+260 Dir. Brescia,09/24/2015,10901
S.P. 103 Cassanese Moderna al Km 6+260 Dir. Brescia,09/25/2015,11406
S.P. 103 Cassanese Moderna al Km 6+260 Dir. Brescia,09/26/2015,8148
S.P. 103 Cassanese Moderna al Km 6+260 Dir. Brescia,09/27/2015,6089
S.P. 103 Cassanese Moderna al Km 6+260 Dir. Brescia,09/28/2015,10515
S.P. 103 Cassanese Moderna al Km 6+260 Dir. Brescia,09/29/2015,10389
S.P. 103 Cassanese Moderna al Km 6+260 Dir. Brescia,09/30/2015,10820
S.P. 203 GAGGIANO - BINASCO al Km 6+032 Dir. BINASCO,07/01/2015,4031
S.P. 203 GAGGIANO - BINASCO al Km 6+032 Dir. BINASCO,07/02/2015,3904
S.P. 203 GAGGIANO - BINASCO al Km 6+032 Dir. BINASCO,07/03/2015,4236
S.P. 203 GAGGIANO - BINASCO al Km 6+032 Dir. BINASCO,07/04/2015,2814
S.P. 203 GAGGIANO - BINASCO al Km 6+032 Dir. BINASCO,07/05/2015,1987
S.P. 203 GAGGIANO - BINASCO al Km 6+032 Dir. BINASCO,07/06/2015,3798
S.P. 203 GAGGIANO - BINASCO al Km 6+032 Dir. BINASCO,07/07/2015,3782
S.P. 203 GAGGIANO - BINASCO al Km 6+032 Dir. BINASCO,07/08/2015,3768
S.P. 203 GAGGIANO - BINASCO al Km 6+032 Dir. BINASCO,07/09/2015,3854
S.P. 203 GAGGIANO - BINASCO al Km 6+032 Dir. BINASCO,07/10/2015,4141
S.P. 203 GAGGIANO - BINASCO al Km 6+032 Dir. BINASCO,07/11/2015,2825
S.P. 203 GAGGIANO - BINASCO al Km 6+032 Dir. BINASCO,07/12/2015,1966
S.P. 203 GAGGIANO - BINASCO al Km 6+032 Dir. BINASCO,07/13/2015,3737
S.P. 203 GAGGIANO - BINASCO al Km 6+032 Dir. BINASCO,07/14/2015,3813
S.P. 203 GAGGIANO - BINASCO al Km 6+032 Dir. BINASCO,07/15/2015,3861
S.P. 203 GAGGIANO - BINASCO al Km 6+032 Dir. BINASCO,07/16/2015,3967
S.P. 203 GAGGIANO - BINASCO al Km 6+032 Dir. BINASCO,07/17/2015,4079
S.P. 203 GAGGIANO - BINASCO al Km 6+032 Dir. BINASCO,07/18/2015,2652
S.P. 203 GAGGIANO - BINASCO al Km 6+032 Dir. BINASCO,07/19/2015,1892
S.P. 203 GAGGIANO - BINASCO al Km 6+032 Dir. BINASCO,07/20/2015,3736
S.P. 203 GAGGIANO - BINASCO al Km 6+032 Dir. BINASCO,07/21/2015,3751
S.P. 203 GAGGIANO - BINASCO al Km 6+032 Dir. BINASCO,07/22/2015,3755
S.P. 203 GAGGIANO - BINASCO al Km 6+032 Dir. BINASCO,07/23/2015,3659
S.P. 203 GAGGIANO - BINASCO al Km 6+032 Dir. BINASCO,07/24/2015,3900
S.P. 203 GAGGIANO - BINASCO al Km 6+032 Dir. BINASCO,07/25/2015,2674
S.P. 203 GAGGIANO - BINASCO al Km 6+032 Dir. BINASCO,07/26/2015,1867
S.P. 203 GAGGIANO - BINASCO al Km 6+032 Dir. BINASCO,07/27/2015,3640
S.P. 203 GAGGIANO - BINASCO al Km 6+032 Dir. BINASCO,07/28/2015,3735
S.P. 203 GAGGIANO - BINASCO al Km 6+032 Dir. BINASCO,07/29/2015,3637
S.P. 203 GAGGIANO - BINASCO al Km 6+032 Dir. BINASCO,07/30/2015,3724
S.P. 203 GAGGIANO - BINASCO al Km 6+032 Dir. BINASCO,07/31/2015,3909
S.P. 203 GAGGIANO - BINASCO al Km 6+032 Dir. BINASCO,08/01/2015,2562
S.P. 203 GAGGIANO - BINASCO al Km 6+032 Dir. BINASCO,08/02/2015,1758
S.P. 203 GAGGIANO - BINASCO al Km 6+032 Dir. BINASCO,08/03/2015,3221
S.P. 203 GAGGIANO - BINASCO al Km 6+032 Dir. BINASCO,08/04/2015,3084
S.P. 203 GAGGIANO - BINASCO al Km 6+032 Dir. BINASCO,08/05/2015,3003
S.P. 203 GAGGIANO - BINASCO al Km 6+032 Dir. BINASCO,08/06/2015,3072
S.P. 203 GAGGIANO - BINASCO al Km 6+032 Dir. BINASCO,08/07/2015,2969
S.P. 203 GAGGIANO - BINASCO al Km 6+032 Dir. BINASCO,08/08/2015,2067
S.P. 203 GAGGIANO - BINASCO al Km 6+032 Dir. BINASCO,08/09/2015,1415
S.P. 203 GAGGIANO - BINASCO al Km 6+032 Dir. BINASCO,08/10/2015,2052
S.P. 203 GAGGIANO - BINASCO al Km 6+032 Dir. BINASCO,08/11/2015,1993
S.P. 203 GAGGIANO - BINASCO al Km 6+032 Dir. BINASCO,08/12/2015,1922
S.P. 203 GAGGIANO - BINASCO al Km 6+032 Dir. BINASCO,08/13/2015,1858
S.P. 203 GAGGIANO - BINASCO al Km 6+032 Dir. BINASCO,08/14/2015,1825
S.P. 203 GAGGIANO - BINASCO al Km 6+032 Dir. BINASCO,08/15/2015,1171
S.P. 203 GAGGIANO - BINASCO al Km 6+032 Dir. BINASCO,08/16/2015,1097
S.P. 203 GAGGIANO - BINASCO al Km 6+032 Dir. BINASCO,08/17/2015,1705
S.P. 203 GAGGIANO - BINASCO al Km 6+032 Dir. BINASCO,08/18/2015,1816
S.P. 203 GAGGIANO - BINASCO al Km 6+032 Dir. BINASCO,08/19/2015,1817
S.P. 203 GAGGIANO - BINASCO al Km 6+032 Dir. BINASCO,08/20/2015,1860
S.P. 203 GAGGIANO - BINASCO al Km 6+032 Dir. BINASCO,08/21/2015,1939
S.P. 203 GAGGIANO - BINASCO al Km 6+032 Dir. BINASCO,08/22/2015,1601
S.P. 203 GAGGIANO - BINASCO al Km 6+032 Dir. BINASCO,08/23/2015,1331
S.P. 203 GAGGIANO - BINASCO al Km 6+032 Dir. BINASCO,08/24/2015,2468
S.P. 203 GAGGIANO - BINASCO al Km 6+032 Dir. BINASCO,08/25/2015,2665
S.P. 203 GAGGIANO - BINASCO al Km 6+032 Dir. BINASCO,08/26/2015,2714
S.P. 203 GAGGIANO - BINASCO al Km 6+032 Dir. BINASCO,08/27/2015,2801
S.P. 203 GAGGIANO - BINASCO al Km 6+032 Dir. BINASCO,08/28/2015,3044
S.P. 203 GAGGIANO - BINASCO al Km 6+032 Dir. BINASCO,08/29/2015,2234
S.P. 203 GAGGIANO - BINASCO al Km 6+032 Dir. BINASCO,08/30/2015,1759
S.P. 203 GAGGIANO - BINASCO al Km 6+032 Dir. BINASCO,08/31/2015,3484
S.P. 203 GAGGIANO - BINASCO al Km 6+032 Dir. BINASCO,09/01/2015,3749
S.P. 203 GAGGIANO - BINASCO al Km 6+032 Dir. BINASCO,09/02/2015,3772
S.P. 203 GAGGIANO - BINASCO al Km 6+032 Dir. BINASCO,09/03/2015,3774
S.P. 203 GAGGIANO - BINASCO al Km 6+032 Dir. BINASCO,09/04/2015,3950
S.P. 203 GAGGIANO - BINASCO al Km 6+032 Dir. BINASCO,09/05/2015,2822
S.P. 203 GAGGIANO - BINASCO al Km 6+032 Dir. BINASCO,09/06/2015,2075
S.P. 203 GAGGIANO - BINASCO al Km 6+032 Dir. BINASCO,09/07/2015,3905
S.P. 203 GAGGIANO - BINASCO al Km 6+032 Dir. BINASCO,09/08/2015,3847
S.P. 203 GAGGIANO - BINASCO al Km 6+032 Dir. BINASCO,09/09/2015,3906
S.P. 203 GAGGIANO - BINASCO al Km 6+032 Dir. BINASCO,09/10/2015,3926
S.P. 203 GAGGIANO - BINASCO al Km 6+032 Dir. BINASCO,09/11/2015,4158
S.P. 203 GAGGIANO - BINASCO al Km 6+032 Dir. BINASCO,09/12/2015,2994
S.P. 203 GAGGIANO - BINASCO al Km 6+032 Dir. BINASCO,09/13/2015,1986
S.P. 203 GAGGIANO - BINASCO al Km 6+032 Dir. BINASCO,09/14/2015,4065
S.P. 203 GAGGIANO - BINASCO al Km 6+032 Dir. BINASCO,09/15/2015,3948
S.P. 203 GAGGIANO - BINASCO al Km 6+032 Dir. BINASCO,09/16/2015,3946
S.P. 203 GAGGIANO - BINASCO al Km 6+032 Dir. BINASCO,09/17/2015,4076
S.P. 203 GAGGIANO - BINASCO al Km 6+032 Dir. BINASCO,09/18/2015,4269
S.P. 203 GAGGIANO - BINASCO al Km 6+032 Dir. BINASCO,09/19/2015,3109
S.P. 203 GAGGIANO - BINASCO al Km 6+032 Dir. BINASCO,09/20/2015,2165
S.P. 203 GAGGIANO - BINASCO al Km 6+032 Dir. BINASCO,09/21/2015,3968
S.P. 203 GAGGIANO - BINASCO al Km 6+032 Dir. BINASCO,09/22/2015,3967
S.P. 203 GAGGIANO - BINASCO al Km 6+032 Dir. BINASCO,09/23/2015,3827
S.P. 203 GAGGIANO - BINASCO al Km 6+032 Dir. BINASCO,09/24/2015,4047
S.P. 203 GAGGIANO - BINASCO al Km 6+032 Dir. BINASCO,09/25/2015,4298
S.P. 203 GAGGIANO - BINASCO al Km 6+032 Dir. BINASCO,09/26/2015,3132
S.P. 203 GAGGIANO - BINASCO al Km 6+032 Dir. BINASCO,09/27/2015,2329
S.P. 203 GAGGIANO - BINASCO al Km 6+032 Dir. BINASCO,09/28/2015,3925
S.P. 203 GAGGIANO - BINASCO al Km 6+032 Dir. BINASCO,09/29/2015,4033
S.P. 203 GAGGIANO - BINASCO al Km 6+032 Dir. BINASCO,09/30/2015,4112
S.P. 40 BINASCO - MELEGNANO al Km 12+490 Dir. BINASCO,07/01/2015,11792
S.P. 40 BINASCO - MELEGNANO al Km 12+490 Dir. BINASCO,07/02/2015,11771
S.P. 40 BINASCO - MELEGNANO al Km 12+490 Dir. BINASCO,07/03/2015,12455
S.P. 40 BINASCO - MELEGNANO al Km 12+490 Dir. BINASCO,07/04/2015,8209
S.P. 40 BINASCO - MELEGNANO al Km 12+490 Dir. BINASCO,07/05/2015,7171
S.P. 40 BINASCO - MELEGNANO al Km 12+490 Dir. BINASCO,07/06/2015,11872
S.P. 40 BINASCO - MELEGNANO al Km 12+490 Dir. BINASCO,07/07/2015,11004
S.P. 40 BINASCO - MELEGNANO al Km 12+490 Dir. BINASCO,07/08/2015,10652
S.P. 40 BINASCO - MELEGNANO al Km 12+490 Dir. BINASCO,07/09/2015,6411
S.P. 40 BINASCO - MELEGNANO al Km 12+490 Dir. BINASCO,07/10/2015,0
S.P. 40 BINASCO - MELEGNANO al Km 12+490 Dir. BINASCO,07/11/2015,0
S.P. 40 BINASCO - MELEGNANO al Km 12+490 Dir. BINASCO,07/12/2015,0
S.P. 40 BINASCO - MELEGNANO al Km 12+490 Dir. BINASCO,07/13/2015,6819
S.P. 40 BINASCO - MELEGNANO al Km 12+490 Dir. BINASCO,07/14/2015,11791
S.P. 40 BINASCO - MELEGNANO al Km 12+490 Dir. BINASCO,07/15/2015,11487
S.P. 40 BINASCO - MELEGNANO al Km 12+490 Dir. BINASCO,07/16/2015,12119
S.P. 40 BINASCO - MELEGNANO al Km 12+490 Dir. BINASCO,07/17/2015,12617
S.P. 40 BINASCO - MELEGNANO al Km 12+490 Dir. BINASCO,07/18/2015,8203
S.P. 40 BINASCO - MELEGNANO al Km 12+490 Dir. BINASCO,07/19/2015,7100
S.P. 40 BINASCO - MELEGNANO al Km 12+490 Dir. BINASCO,07/20/2015,11508
S.P. 40 BINASCO - MELEGNANO al Km 12+490 Dir. BINASCO,07/21/2015,11754
S.P. 40 BINASCO - MELEGNANO al Km 12+490 Dir. BINASCO,07/22/2015,11925
S.P. 40 BINASCO - MELEGNANO al Km 12+490 Dir. BINASCO,07/23/2015,11956
S.P. 40 BINASCO - MELEGNANO al Km 12+490 Dir. BINASCO,07/24/2015,12684
S.P. 40 BINASCO - MELEGNANO al Km 12+490 Dir. BINASCO,07/25/2015,8252
S.P. 40 BINASCO - MELEGNANO al Km 12+490 Dir. BINASCO,07/26/2015,7250
S.P. 40 BINASCO - MELEGNANO al Km 12+490 Dir. BINASCO,07/27/2015,11547
S.P. 40 BINASCO - MELEGNANO al Km 12+490 Dir. BINASCO,07/28/2015,12273
S.P. 40 BINASCO - MELEGNANO al Km 12+490 Dir. BINASCO,07/29/2015,11658
S.P. 40 BINASCO - MELEGNANO al Km 12+490 Dir. BINASCO,07/30/2015,12208
S.P. 40 BINASCO - MELEGNANO al Km 12+490 Dir. BINASCO,07/31/2015,11948
S.P. 40 BINASCO - MELEGNANO al Km 12+490 Dir. BINASCO,08/01/2015,7772
S.P. 40 BINASCO - MELEGNANO al Km 12+490 Dir. BINASCO,08/02/2015,6764
S.P. 40 BINASCO - MELEGNANO al Km 12+490 Dir. BINASCO,08/03/2015,10454
S.P. 40 BINASCO - MELEGNANO al Km 12+490 Dir. BINASCO,08/04/2015,10504
S.P. 40 BINASCO - MELEGNANO al Km 12+490 Dir. BINASCO,08/05/2015,10471
S.P. 40 BINASCO - MELEGNANO al Km 12+490 Dir. BINASCO,08/06/2015,10463
S.P. 40 BINASCO - MELEGNANO al Km 12+490 Dir. BINASCO,08/07/2015,10043
S.P. 40 BINASCO - MELEGNANO al Km 12+490 Dir. BINASCO,08/08/2015,6741
S.P. 40 BINASCO - MELEGNANO al Km 12+490 Dir. BINASCO,08/09/2015,5749
S.P. 40 BINASCO - MELEGNANO al Km 12+490 Dir. BINASCO,08/10/2015,7753
S.P. 40 BINASCO - MELEGNANO al Km 12+490 Dir. BINASCO,08/11/2015,7613
S.P. 40 BINASCO - MELEGNANO al Km 12+490 Dir. BINASCO,08/12/2015,7398
S.P. 40 BINASCO - MELEGNANO al Km 12+490 Dir. BINASCO,08/13/2015,7391
S.P. 40 BINASCO - MELEGNANO al Km 12+490 Dir. BINASCO,08/14/2015,6952
S.P. 40 BINASCO - MELEGNANO al Km 12+490 Dir. BINASCO,08/15/2015,4769
S.P. 40 BINASCO - MELEGNANO al Km 12+490 Dir. BINASCO,08/16/2015,5273
S.P. 40 BINASCO - MELEGNANO al Km 12+490 Dir. BINASCO,08/17/2015,7157
S.P. 40 BINASCO - MELEGNANO al Km 12+490 Dir. BINASCO,08/18/2015,7061
S.P. 40 BINASCO - MELEGNANO al Km 12+490 Dir. BINASCO,08/19/2015,7182
S.P. 40 BINASCO - MELEGNANO al Km 12+490 Dir. BINASCO,08/20/2015,7513
S.P. 40 BINASCO - MELEGNANO al Km 12+490 Dir. BINASCO,08/21/2015,7609
S.P. 40 BINASCO - MELEGNANO al Km 12+490 Dir. BINASCO,08/22/2015,6375
S.P. 40 BINASCO - MELEGNANO al Km 12+490 Dir. BINASCO,08/23/2015,6083
S.P. 40 BINASCO - MELEGNANO al Km 12+490 Dir. BINASCO,08/24/2015,8868
S.P. 40 BINASCO - MELEGNANO al Km 12+490 Dir. BINASCO,08/25/2015,9200
S.P. 40 BINASCO - MELEGNANO al Km 12+490 Dir. BINASCO,08/26/2015,9510
S.P. 40 BINASCO - MELEGNANO al Km 12+490 Dir. BINASCO,08/27/2015,10343
S.P. 40 BINASCO - MELEGNANO al Km 12+490 Dir. BINASCO,08/28/2015,10306
S.P. 40 BINASCO - MELEGNANO al Km 12+490 Dir. BINASCO,08/29/2015,7669
S.P. 40 BINASCO - MELEGNANO al Km 12+490 Dir. BINASCO,08/30/2015,6901
S.P. 40 BINASCO - MELEGNANO al Km 12+490 Dir. BINASCO,08/31/2015,11250
S.P. 40 BINASCO - MELEGNANO al Km 12+490 Dir. BINASCO,09/01/2015,11574
S.P. 40 BINASCO - MELEGNANO al Km 12+490 Dir. BINASCO,09/02/2015,10673
S.P. 40 BINASCO - MELEGNANO al Km 12+490 Dir. BINASCO,09/03/2015,12313
S.P. 40 BINASCO - MELEGNANO al Km 12+490 Dir. BINASCO,09/04/2015,13226
S.P. 40 BINASCO - MELEGNANO al Km 12+490 Dir. BINASCO,09/05/2015,8424
S.P. 40 BINASCO - MELEGNANO al Km 12+490 Dir. BINASCO,09/06/2015,7585
S.P. 40 BINASCO - MELEGNANO al Km 12+490 Dir. BINASCO,09/07/2015,11885
S.P. 40 BINASCO - MELEGNANO al Km 12+490 Dir. BINASCO,09/08/2015,11840
S.P. 40 BINASCO - MELEGNANO al Km 12+490 Dir. BINASCO,09/09/2015,12589
S.P. 40 BINASCO - MELEGNANO al Km 12+490 Dir. BINASCO,09/10/2015,14511
S.P. 40 BINASCO - MELEGNANO al Km 12+490 Dir. BINASCO,09/11/2015,13334
S.P. 40 BINASCO - MELEGNANO al Km 12+490 Dir. BINASCO,09/12/2015,8515
S.P. 40 BINASCO - MELEGNANO al Km 12+490 Dir. BINASCO,09/13/2015,7100
S.P. 40 BINASCO - MELEGNANO al Km 12+490 Dir. BINASCO,09/14/2015,11915
S.P. 40 BINASCO - MELEGNANO al Km 12+490 Dir. BINASCO,09/15/2015,11876
S.P. 40 BINASCO - MELEGNANO al Km 12+490 Dir. BINASCO,09/16/2015,12113
S.P. 40 BINASCO - MELEGNANO al Km 12+490 Dir. BINASCO,09/17/2015,10871
S.P. 40 BINASCO - MELEGNANO al Km 12+490 Dir. BINASCO,09/18/2015,13763
S.P. 40 BINASCO - MELEGNANO al Km 12+490 Dir. BINASCO,09/19/2015,8982
S.P. 40 BINASCO - MELEGNANO al Km 12+490 Dir. BINASCO,09/20/2015,7673
S.P. 40 BINASCO - MELEGNANO al Km 12+490 Dir. BINASCO,09/21/2015,12285
S.P. 40 BINASCO - MELEGNANO al Km 12+490 Dir. BINASCO,09/22/2015,12099
S.P. 40 BINASCO - MELEGNANO al Km 12+490 Dir. BINASCO,09/23/2015,12769
S.P. 40 BINASCO - MELEGNANO al Km 12+490 Dir. BINASCO,09/24/2015,13231
S.P. 40 BINASCO - MELEGNANO al Km 12+490 Dir. BINASCO,09/25/2015,13884
S.P. 40 BINASCO - MELEGNANO al Km 12+490 Dir. BINASCO,09/26/2015,8915
S.P. 40 BINASCO - MELEGNANO al Km 12+490 Dir. BINASCO,09/27/2015,7870
S.P. 40 BINASCO - MELEGNANO al Km 12+490 Dir. BINASCO,09/28/2015,12107
S.P. 40 BINASCO - MELEGNANO al Km 12+490 Dir. BINASCO,09/29/2015,12448
S.P. 40 BINASCO - MELEGNANO al Km 12+490 Dir. BINASCO,09/30/2015,12464
S.P. 40 BINASCO - MELEGNANO al Km 13+031 Dir. MELEGNANO,07/01/2015,10183
S.P. 40 BINASCO - MELEGNANO al Km 13+031 Dir. MELEGNANO,07/02/2015,10156
S.P. 40 BINASCO - MELEGNANO al Km 13+031 Dir. MELEGNANO,07/03/2015,10629
S.P. 40 BINASCO - MELEGNANO al Km 13+031 Dir. MELEGNANO,07/04/2015,6899
S.P. 40 BINASCO - MELEGNANO al Km 13+031 Dir. MELEGNANO,07/05/2015,6144
S.P. 40 BINASCO - MELEGNANO al Km 13+031 Dir. MELEGNANO,07/06/2015,10059
S.P. 40 BINASCO - MELEGNANO al Km 13+031 Dir. MELEGNANO,07/07/2015,9654
S.P. 40 BINASCO - MELEGNANO al Km 13+031 Dir. MELEGNANO,07/08/2015,9357
S.P. 40 BINASCO - MELEGNANO al Km 13+031 Dir. MELEGNANO,07/09/2015,9357
S.P. 40 BINASCO - MELEGNANO al Km 13+031 Dir. MELEGNANO,07/10/2015,10615
S.P. 40 BINASCO - MELEGNANO al Km 13+031 Dir. MELEGNANO,07/11/2015,7054
S.P. 40 BINASCO - MELEGNANO al Km 13+031 Dir. MELEGNANO,07/12/2015,5971
S.P. 40 BINASCO - MELEGNANO al Km 13+031 Dir. MELEGNANO,07/13/2015,9990
S.P. 40 BINASCO - MELEGNANO al Km 13+031 Dir. MELEGNANO,07/14/2015,8909
S.P. 40 BINASCO - MELEGNANO al Km 13+031 Dir. MELEGNANO,07/15/2015,10244
S.P. 40 BINASCO - MELEGNANO al Km 13+031 Dir. MELEGNANO,07/16/2015,10271
S.P. 40 BINASCO - MELEGNANO al Km 13+031 Dir. MELEGNANO,07/17/2015,10806
S.P. 40 BINASCO - MELEGNANO al Km 13+031 Dir. MELEGNANO,07/18/2015,6925
S.P. 40 BINASCO - MELEGNANO al Km 13+031 Dir. MELEGNANO,07/19/2015,6050
S.P. 40 BINASCO - MELEGNANO al Km 13+031 Dir. MELEGNANO,07/20/2015,9916
S.P. 40 BINASCO - MELEGNANO al Km 13+031 Dir. MELEGNANO,07/21/2015,10100
S.P. 40 BINASCO - MELEGNANO al Km 13+031 Dir. MELEGNANO,07/22/2015,10154
S.P. 40 BINASCO - MELEGNANO al Km 13+031 Dir. MELEGNANO,07/23/2015,10259
S.P. 40 BINASCO - MELEGNANO al Km 13+031 Dir. MELEGNANO,07/24/2015,10553
S.P. 40 BINASCO - MELEGNANO al Km 13+031 Dir. MELEGNANO,07/25/2015,6303
S.P. 40 BINASCO - MELEGNANO al Km 13+031 Dir. MELEGNANO,07/26/2015,5885
S.P. 40 BINASCO - MELEGNANO al Km 13+031 Dir. MELEGNANO,07/27/2015,9913
S.P. 40 BINASCO - MELEGNANO al Km 13+031 Dir. MELEGNANO,07/28/2015,9999
S.P. 40 BINASCO - MELEGNANO al Km 13+031 Dir. MELEGNANO,07/29/2015,10044
S.P. 40 BINASCO - MELEGNANO al Km 13+031 Dir. MELEGNANO,07/30/2015,10549
S.P. 40 BINASCO - MELEGNANO al Km 13+031 Dir. MELEGNANO,07/31/2015,10494
S.P. 40 BINASCO - MELEGNANO al Km 13+031 Dir. MELEGNANO,08/01/2015,6985
S.P. 40 BINASCO - MELEGNANO al Km 13+031 Dir. MELEGNANO,08/02/2015,5766
S.P. 40 BINASCO - MELEGNANO al Km 13+031 Dir. MELEGNANO,08/03/2015,9253
S.P. 40 BINASCO - MELEGNANO al Km 13+031 Dir. MELEGNANO,08/04/2015,9069
S.P. 40 BINASCO - MELEGNANO al Km 13+031 Dir. MELEGNANO,08/05/2015,9381
S.P. 40 BINASCO - MELEGNANO al Km 13+031 Dir. MELEGNANO,08/06/2015,8497
S.P. 40 BINASCO - MELEGNANO al Km 13+031 Dir. MELEGNANO,08/07/2015,8707
S.P. 40 BINASCO - MELEGNANO al Km 13+031 Dir. MELEGNANO,08/08/2015,6084
S.P. 40 BINASCO - MELEGNANO al Km 13+031 Dir. MELEGNANO,08/09/2015,5105
S.P. 40 BINASCO - MELEGNANO al Km 13+031 Dir. MELEGNANO,08/10/2015,6731
S.P. 40 BINASCO - MELEGNANO al Km 13+031 Dir. MELEGNANO,08/11/2015,6527
S.P. 40 BINASCO - MELEGNANO al Km 13+031 Dir. MELEGNANO,08/12/2015,6353
S.P. 40 BINASCO - MELEGNANO al Km 13+031 Dir. MELEGNANO,08/13/2015,6513
S.P. 40 BINASCO - MELEGNANO al Km 13+031 Dir. MELEGNANO,08/14/2015,6119
S.P. 40 BINASCO - MELEGNANO al Km 13+031 Dir. MELEGNANO,08/15/2015,4006
S.P. 40 BINASCO - MELEGNANO al Km 13+031 Dir. MELEGNANO,08/16/2015,4134
S.P. 40 BINASCO - MELEGNANO al Km 13+031 Dir. MELEGNANO,08/17/2015,5353
S.P. 40 BINASCO - MELEGNANO al Km 13+031 Dir. MELEGNANO,08/18/2015,5792
S.P. 40 BINASCO - MELEGNANO al Km 13+031 Dir. MELEGNANO,08/19/2015,5873
S.P. 40 BINASCO - MELEGNANO al Km 13+031 Dir. MELEGNANO,08/20/2015,6337
S.P. 40 BINASCO - MELEGNANO al Km 13+031 Dir. MELEGNANO,08/21/2015,6311
S.P. 40 BINASCO - MELEGNANO al Km 13+031 Dir. MELEGNANO,08/22/2015,5006
S.P. 40 BINASCO - MELEGNANO al Km 13+031 Dir. MELEGNANO,08/23/2015,4855
S.P. 40 BINASCO - MELEGNANO al Km 13+031 Dir. MELEGNANO,08/24/2015,7197
S.P. 40 BINASCO - MELEGNANO al Km 13+031 Dir. MELEGNANO,08/25/2015,7536
S.P. 40 BINASCO - MELEGNANO al Km 13+031 Dir. MELEGNANO,08/26/2015,7932
S.P. 40 BINASCO - MELEGNANO al Km 13+031 Dir. MELEGNANO,08/27/2015,8510
S.P. 40 BINASCO - MELEGNANO al Km 13+031 Dir. MELEGNANO,08/28/2015,8596
S.P. 40 BINASCO - MELEGNANO al Km 13+031 Dir. MELEGNANO,08/29/2015,6059
S.P. 40 BINASCO - MELEGNANO al Km 13+031 Dir. MELEGNANO,08/30/2015,5460
S.P. 40 BINASCO - MELEGNANO al Km 13+031 Dir. MELEGNANO,08/31/2015,9192
S.P. 40 BINASCO - MELEGNANO al Km 13+031 Dir. MELEGNANO,09/01/2015,9753
S.P. 40 BINASCO - MELEGNANO al Km 13+031 Dir. MELEGNANO,09/02/2015,9117
S.P. 40 BINASCO - MELEGNANO al Km 13+031 Dir. MELEGNANO,09/03/2015,9735
S.P. 40 BINASCO - MELEGNANO al Km 13+031 Dir. MELEGNANO,09/04/2015,9361
S.P. 40 BINASCO - MELEGNANO al Km 13+031 Dir. MELEGNANO,09/05/2015,6851
S.P. 40 BINASCO - MELEGNANO al Km 13+031 Dir. MELEGNANO,09/06/2015,6082
S.P. 40 BINASCO - MELEGNANO al Km 13+031 Dir. MELEGNANO,09/07/2015,8996
S.P. 40 BINASCO - MELEGNANO al Km 13+031 Dir. MELEGNANO,09/08/2015,9594
S.P. 40 BINASCO - MELEGNANO al Km 13+031 Dir. MELEGNANO,09/09/2015,9437
S.P. 40 BINASCO - MELEGNANO al Km 13+031 Dir. MELEGNANO,09/10/2015,10944
S.P. 40 BINASCO - MELEGNANO al Km 13+031 Dir. MELEGNANO,09/11/2015,10604
S.P. 40 BINASCO - MELEGNANO al Km 13+031 Dir. MELEGNANO,09/12/2015,5936
S.P. 40 BINASCO - MELEGNANO al Km 13+031 Dir. MELEGNANO,09/13/2015,5712
S.P. 40 BINASCO - MELEGNANO al Km 13+031 Dir. MELEGNANO,09/14/2015,10179
S.P. 40 BINASCO - MELEGNANO al Km 13+031 Dir. MELEGNANO,09/15/2015,10052
S.P. 40 BINASCO - MELEGNANO al Km 13+031 Dir. MELEGNANO,09/16/2015,10439
S.P. 40 BINASCO - MELEGNANO al Km 13+031 Dir. MELEGNANO,09/17/2015,9069
S.P. 40 BINASCO - MELEGNANO al Km 13+031 Dir. MELEGNANO,09/18/2015,10600
S.P. 40 BINASCO - MELEGNANO al Km 13+031 Dir. MELEGNANO,09/19/2015,7332
S.P. 40 BINASCO - MELEGNANO al Km 13+031 Dir. MELEGNANO,09/20/2015,6508
S.P. 40 BINASCO - MELEGNANO al Km 13+031 Dir. MELEGNANO,09/21/2015,10325
S.P. 40 BINASCO - MELEGNANO al Km 13+031 Dir. MELEGNANO,09/22/2015,10197
S.P. 40 BINASCO - MELEGNANO al Km 13+031 Dir. MELEGNANO,09/23/2015,10109
S.P. 40 BINASCO - MELEGNANO al Km 13+031 Dir. MELEGNANO,09/24/2015,10543
S.P. 40 BINASCO - MELEGNANO al Km 13+031 Dir. MELEGNANO,09/25/2015,10628
S.P. 40 BINASCO - MELEGNANO al Km 13+031 Dir. MELEGNANO,09/26/2015,7300
S.P. 40 BINASCO - MELEGNANO al Km 13+031 Dir. MELEGNANO,09/27/2015,6705
S.P. 40 BINASCO - MELEGNANO al Km 13+031 Dir. MELEGNANO,09/28/2015,10245
S.P. 40 BINASCO - MELEGNANO al Km 13+031 Dir. MELEGNANO,09/29/2015,10322
S.P. 40 BINASCO - MELEGNANO al Km 13+031 Dir. MELEGNANO,09/30/2015,10903
S.P. ex S.S. 11 PADANA SUPERIORE (Tratto ovest) al Km 131+341 Dir. SETTIMO MILANESE,07/01/2015,15229
S.P. ex S.S. 11 PADANA SUPERIORE (Tratto ovest) al Km 131+341 Dir. SETTIMO MILANESE,07/02/2015,15298
S.P. ex S.S. 11 PADANA SUPERIORE (Tratto ovest) al Km 131+341 Dir. SETTIMO MILANESE,07/03/2015,15092
S.P. ex S.S. 11 PADANA SUPERIORE (Tratto ovest) al Km 131+341 Dir. SETTIMO MILANESE,07/04/2015,11813
S.P. ex S.S. 11 PADANA SUPERIORE (Tratto ovest) al Km 131+341 Dir. SETTIMO MILANESE,07/05/2015,10476
S.P. ex S.S. 11 PADANA SUPERIORE (Tratto ovest) al Km 131+341 Dir. SETTIMO MILANESE,07/06/2015,14602
S.P. ex S.S. 11 PADANA SUPERIORE (Tratto ovest) al Km 131+341 Dir. SETTIMO MILANESE,07/07/2015,14896
S.P. ex S.S. 11 PADANA SUPERIORE (Tratto ovest) al Km 131+341 Dir. SETTIMO MILANESE,07/08/2015,15070
S.P. ex S.S. 11 PADANA SUPERIORE (Tratto ovest) al Km 131+341 Dir. SETTIMO MILANESE,07/09/2015,15144
S.P. ex S.S. 11 PADANA SUPERIORE (Tratto ovest) al Km 131+341 Dir. SETTIMO MILANESE,07/10/2015,15096
S.P. ex S.S. 11 PADANA SUPERIORE (Tratto ovest) al Km 131+341 Dir. SETTIMO MILANESE,07/11/2015,11682
S.P. ex S.S. 11 PADANA SUPERIORE (Tratto ovest) al Km 131+341 Dir. SETTIMO MILANESE,07/12/2015,10039
S.P. ex S.S. 11 PADANA SUPERIORE (Tratto ovest) al Km 131+341 Dir. SETTIMO MILANESE,07/13/2015,14747
S.P. ex S.S. 11 PADANA SUPERIORE (Tratto ovest) al Km 131+341 Dir. SETTIMO MILANESE,07/14/2015,14996
S.P. ex S.S. 11 PADANA SUPERIORE (Tratto ovest) al Km 131+341 Dir. SETTIMO MILANESE,07/15/2015,14973
S.P. ex S.S. 11 PADANA SUPERIORE (Tratto ovest) al Km 131+341 Dir. SETTIMO MILANESE,07/16/2015,15192
S.P. ex S.S. 11 PADANA SUPERIORE (Tratto ovest) al Km 131+341 Dir. SETTIMO MILANESE,07/17/2015,14643
S.P. ex S.S. 11 PADANA SUPERIORE (Tratto ovest) al Km 131+341 Dir. SETTIMO MILANESE,07/18/2015,11322
S.P. ex S.S. 11 PADANA SUPERIORE (Tratto ovest) al Km 131+341 Dir. SETTIMO MILANESE,07/19/2015,9791
S.P. ex S.S. 11 PADANA SUPERIORE (Tratto ovest) al Km 131+341 Dir. SETTIMO MILANESE,07/20/2015,14573
S.P. ex S.S. 11 PADANA SUPERIORE (Tratto ovest) al Km 131+341 Dir. SETTIMO MILANESE,07/21/2015,14701
S.P. ex S.S. 11 PADANA SUPERIORE (Tratto ovest) al Km 131+341 Dir. SETTIMO MILANESE,07/22/2015,14451
S.P. ex S.S. 11 PADANA SUPERIORE (Tratto ovest) al Km 131+341 Dir. SETTIMO MILANESE,07/23/2015,15045
S.P. ex S.S. 11 PADANA SUPERIORE (Tratto ovest) al Km 131+341 Dir. SETTIMO MILANESE,07/24/2015,14803
S.P. ex S.S. 11 PADANA SUPERIORE (Tratto ovest) al Km 131+341 Dir. SETTIMO MILANESE,07/25/2015,11128
S.P. ex S.S. 11 PADANA SUPERIORE (Tratto ovest) al Km 131+341 Dir. SETTIMO MILANESE,07/26/2015,9828
S.P. ex S.S. 11 PADANA SUPERIORE (Tratto ovest) al Km 131+341 Dir. SETTIMO MILANESE,07/27/2015,14341
S.P. ex S.S. 11 PADANA SUPERIORE (Tratto ovest) al Km 131+341 Dir. SETTIMO MILANESE,07/28/2015,14251
S.P. ex S.S. 11 PADANA SUPERIORE (Tratto ovest) al Km 131+341 Dir. SETTIMO MILANESE,07/29/2015,14356
S.P. ex S.S. 11 PADANA SUPERIORE (Tratto ovest) al Km 131+341 Dir. SETTIMO MILANESE,07/30/2015,14590
S.P. ex S.S. 11 PADANA SUPERIORE (Tratto ovest) al Km 131+341 Dir. SETTIMO MILANESE,07/31/2015,14284
S.P. ex S.S. 11 PADANA SUPERIORE (Tratto ovest) al Km 131+341 Dir. SETTIMO MILANESE,08/01/2015,10381
S.P. ex S.S. 11 PADANA SUPERIORE (Tratto ovest) al Km 131+341 Dir. SETTIMO MILANESE,08/02/2015,8978
S.P. ex S.S. 11 PADANA SUPERIORE (Tratto ovest) al Km 131+341 Dir. SETTIMO MILANESE,08/03/2015,12749
S.P. ex S.S. 11 PADANA SUPERIORE (Tratto ovest) al Km 131+341 Dir. SETTIMO MILANESE,08/04/2015,12727
S.P. ex S.S. 11 PADANA SUPERIORE (Tratto ovest) al Km 131+341 Dir. SETTIMO MILANESE,08/05/2015,12802
S.P. ex S.S. 11 PADANA SUPERIORE (Tratto ovest) al Km 131+341 Dir. SETTIMO MILANESE,08/06/2015,12458
S.P. ex S.S. 11 PADANA SUPERIORE (Tratto ovest) al Km 131+341 Dir. SETTIMO MILANESE,08/07/2015,11581
S.P. ex S.S. 11 PADANA SUPERIORE (Tratto ovest) al Km 131+341 Dir. SETTIMO MILANESE,08/08/2015,8175
S.P. ex S.S. 11 PADANA SUPERIORE (Tratto ovest) al Km 131+341 Dir. SETTIMO MILANESE,08/09/2015,6954
S.P. ex S.S. 11 PADANA SUPERIORE (Tratto ovest) al Km 131+341 Dir. SETTIMO MILANESE,08/10/2015,8269
S.P. ex S.S. 11 PADANA SUPERIORE (Tratto ovest) al Km 131+341 Dir. SETTIMO MILANESE,08/11/2015,8446
S.P. ex S.S. 11 PADANA SUPERIORE (Tratto ovest) al Km 131+341 Dir. SETTIMO MILANESE,08/12/2015,8255
S.P. ex S.S. 11 PADANA SUPERIORE (Tratto ovest) al Km 131+341 Dir. SETTIMO MILANESE,08/13/2015,8027
S.P. ex S.S. 11 PADANA SUPERIORE (Tratto ovest) al Km 131+341 Dir. SETTIMO MILANESE,08/14/2015,7642
S.P. ex S.S. 11 PADANA SUPERIORE (Tratto ovest) al Km 131+341 Dir. SETTIMO MILANESE,08/15/2015,5722
S.P. ex S.S. 11 PADANA SUPERIORE (Tratto ovest) al Km 131+341 Dir. SETTIMO MILANESE,08/16/2015,6145
S.P. ex S.S. 11 PADANA SUPERIORE (Tratto ovest) al Km 131+341 Dir. SETTIMO MILANESE,08/17/2015,8019
S.P. ex S.S. 11 PADANA SUPERIORE (Tratto ovest) al Km 131+341 Dir. SETTIMO MILANESE,08/18/2015,8007
S.P. ex S.S. 11 PADANA SUPERIORE (Tratto ovest) al Km 131+341 Dir. SETTIMO MILANESE,08/19/2015,8291
S.P. ex S.S. 11 PADANA SUPERIORE (Tratto ovest) al Km 131+341 Dir. SETTIMO MILANESE,08/20/2015,8651
S.P. ex S.S. 11 PADANA SUPERIORE (Tratto ovest) al Km 131+341 Dir. SETTIMO MILANESE,08/21/2015,8865
S.P. ex S.S. 11 PADANA SUPERIORE (Tratto ovest) al Km 131+341 Dir. SETTIMO MILANESE,08/22/2015,8088
S.P. ex S.S. 11 PADANA SUPERIORE (Tratto ovest) al Km 131+341 Dir. SETTIMO MILANESE,08/23/2015,7662
S.P. ex S.S. 11 PADANA SUPERIORE (Tratto ovest) al Km 131+341 Dir. SETTIMO MILANESE,08/24/2015,10515
S.P. ex S.S. 11 PADANA SUPERIORE (Tratto ovest) al Km 131+341 Dir. SETTIMO MILANESE,08/25/2015,11157
S.P. ex S.S. 11 PADANA SUPERIORE (Tratto ovest) al Km 131+341 Dir. SETTIMO MILANESE,08/26/2015,11626
S.P. ex S.S. 11 PADANA SUPERIORE (Tratto ovest) al Km 131+341 Dir. SETTIMO MILANESE,08/27/2015,11931
S.P. ex S.S. 11 PADANA SUPERIORE (Tratto ovest) al Km 131+341 Dir. SETTIMO MILANESE,08/28/2015,12865
S.P. ex S.S. 11 PADANA SUPERIORE (Tratto ovest) al Km 131+341 Dir. SETTIMO MILANESE,08/29/2015,10541
S.P. ex S.S. 11 PADANA SUPERIORE (Tratto ovest) al Km 131+341 Dir. SETTIMO MILANESE,08/30/2015,9723
S.P. ex S.S. 11 PADANA SUPERIORE (Tratto ovest) al Km 131+341 Dir. SETTIMO MILANESE,08/31/2015,14004
S.P. ex S.S. 11 PADANA SUPERIORE (Tratto ovest) al Km 131+341 Dir. SETTIMO MILANESE,09/01/2015,14523
S.P. ex S.S. 11 PADANA SUPERIORE (Tratto ovest) al Km 131+341 Dir. SETTIMO MILANESE,09/02/2015,14802
S.P. ex S.S. 11 PADANA SUPERIORE (Tratto ovest) al Km 131+341 Dir. SETTIMO MILANESE,09/03/2015,15151
S.P. ex S.S. 11 PADANA SUPERIORE (Tratto ovest) al Km 131+341 Dir. SETTIMO MILANESE,09/04/2015,15256
S.P. ex S.S. 11 PADANA SUPERIORE (Tratto ovest) al Km 131+341 Dir. SETTIMO MILANESE,09/05/2015,12264
S.P. ex S.S. 11 PADANA SUPERIORE (Tratto ovest) al Km 131+341 Dir. SETTIMO MILANESE,09/06/2015,11003
S.P. ex S.S. 11 PADANA SUPERIORE (Tratto ovest) al Km 131+341 Dir. SETTIMO MILANESE,09/07/2015,15134
S.P. ex S.S. 11 PADANA SUPERIORE (Tratto ovest) al Km 131+341 Dir. SETTIMO MILANESE,09/08/2015,15333
S.P. ex S.S. 11 PADANA SUPERIORE (Tratto ovest) al Km 131+341 Dir. SETTIMO MILANESE,09/09/2015,15380
S.P. ex S.S. 11 PADANA SUPERIORE (Tratto ovest) al Km 131+341 Dir. SETTIMO MILANESE,09/10/2015,15650
S.P. ex S.S. 35 MILANO-MEDA al Km 133+354 Dir. MILANO,08/07/2015,35803
S.P. ex S.S. 11 PADANA SUPERIORE (Tratto ovest) al Km 131+341 Dir. SETTIMO MILANESE,09/11/2015,15773
S.P. ex S.S. 11 PADANA SUPERIORE (Tratto ovest) al Km 131+341 Dir. SETTIMO MILANESE,09/12/2015,12761
S.P. ex S.S. 11 PADANA SUPERIORE (Tratto ovest) al Km 131+341 Dir. SETTIMO MILANESE,09/13/2015,10671
S.P. ex S.S. 11 PADANA SUPERIORE (Tratto ovest) al Km 131+341 Dir. SETTIMO MILANESE,09/14/2015,14990
S.P. ex S.S. 11 PADANA SUPERIORE (Tratto ovest) al Km 131+341 Dir. SETTIMO MILANESE,09/15/2015,15489
S.P. ex S.S. 11 PADANA SUPERIORE (Tratto ovest) al Km 131+341 Dir. SETTIMO MILANESE,09/16/2015,15335
S.P. ex S.S. 11 PADANA SUPERIORE (Tratto ovest) al Km 131+341 Dir. SETTIMO MILANESE,09/17/2015,15756
S.P. ex S.S. 11 PADANA SUPERIORE (Tratto ovest) al Km 131+341 Dir. SETTIMO MILANESE,09/18/2015,15978
S.P. ex S.S. 11 PADANA SUPERIORE (Tratto ovest) al Km 131+341 Dir. SETTIMO MILANESE,09/19/2015,13136
S.P. ex S.S. 11 PADANA SUPERIORE (Tratto ovest) al Km 131+341 Dir. SETTIMO MILANESE,09/20/2015,11653
S.P. ex S.S. 11 PADANA SUPERIORE (Tratto ovest) al Km 131+341 Dir. SETTIMO MILANESE,09/21/2015,15255
S.P. ex S.S. 11 PADANA SUPERIORE (Tratto ovest) al Km 131+341 Dir. SETTIMO MILANESE,09/22/2015,15634
S.P. ex S.S. 11 PADANA SUPERIORE (Tratto ovest) al Km 131+341 Dir. SETTIMO MILANESE,09/23/2015,15215
S.P. ex S.S. 11 PADANA SUPERIORE (Tratto ovest) al Km 131+341 Dir. SETTIMO MILANESE,09/24/2015,15947
S.P. ex S.S. 11 PADANA SUPERIORE (Tratto ovest) al Km 131+341 Dir. SETTIMO MILANESE,09/25/2015,15875
S.P. ex S.S. 11 PADANA SUPERIORE (Tratto ovest) al Km 131+341 Dir. SETTIMO MILANESE,09/26/2015,13516
S.P. ex S.S. 11 PADANA SUPERIORE (Tratto ovest) al Km 131+341 Dir. SETTIMO MILANESE,09/27/2015,11736
S.P. ex S.S. 11 PADANA SUPERIORE (Tratto ovest) al Km 131+341 Dir. SETTIMO MILANESE,09/28/2015,15445
S.P. ex S.S. 11 PADANA SUPERIORE (Tratto ovest) al Km 131+341 Dir. SETTIMO MILANESE,09/29/2015,15506
S.P. ex S.S. 11 PADANA SUPERIORE (Tratto ovest) al Km 131+341 Dir. SETTIMO MILANESE,09/30/2015,15659
S.P. ex S.S. 35 MILANO-MEDA al Km 133+354 Dir. MILANO,07/01/2015,43795
S.P. ex S.S. 35 MILANO-MEDA al Km 133+354 Dir. MILANO,07/02/2015,44317
S.P. ex S.S. 35 MILANO-MEDA al Km 133+354 Dir. MILANO,07/03/2015,46100
S.P. ex S.S. 35 MILANO-MEDA al Km 133+354 Dir. MILANO,07/04/2015,39771
S.P. ex S.S. 35 MILANO-MEDA al Km 133+354 Dir. MILANO,07/05/2015,31629
S.P. ex S.S. 35 MILANO-MEDA al Km 133+354 Dir. MILANO,07/06/2015,40323
S.P. ex S.S. 35 MILANO-MEDA al Km 133+354 Dir. MILANO,07/07/2015,42857
S.P. ex S.S. 35 MILANO-MEDA al Km 133+354 Dir. MILANO,07/08/2015,41851
S.P. ex S.S. 35 MILANO-MEDA al Km 133+354 Dir. MILANO,07/09/2015,44756
S.P. ex S.S. 35 MILANO-MEDA al Km 133+354 Dir. MILANO,07/10/2015,45598
S.P. ex S.S. 35 MILANO-MEDA al Km 133+354 Dir. MILANO,07/11/2015,39133
S.P. ex S.S. 35 MILANO-MEDA al Km 133+354 Dir. MILANO,07/12/2015,30934
S.P. ex S.S. 35 MILANO-MEDA al Km 133+354 Dir. MILANO,07/13/2015,41751
S.P. ex S.S. 35 MILANO-MEDA al Km 133+354 Dir. MILANO,07/14/2015,42766
S.P. ex S.S. 35 MILANO-MEDA al Km 133+354 Dir. MILANO,07/15/2015,43727
S.P. ex S.S. 35 MILANO-MEDA al Km 133+354 Dir. MILANO,07/16/2015,43177
S.P. ex S.S. 35 MILANO-MEDA al Km 133+354 Dir. MILANO,07/17/2015,45464
S.P. ex S.S. 35 MILANO-MEDA al Km 133+354 Dir. MILANO,07/18/2015,37647
S.P. ex S.S. 35 MILANO-MEDA al Km 133+354 Dir. MILANO,07/19/2015,28970
S.P. ex S.S. 35 MILANO-MEDA al Km 133+354 Dir. MILANO,07/20/2015,40252
S.P. ex S.S. 35 MILANO-MEDA al Km 133+354 Dir. MILANO,07/21/2015,41186
S.P. ex S.S. 35 MILANO-MEDA al Km 133+354 Dir. MILANO,07/22/2015,41725
S.P. ex S.S. 35 MILANO-MEDA al Km 133+354 Dir. MILANO,07/23/2015,42156
S.P. ex S.S. 35 MILANO-MEDA al Km 133+354 Dir. MILANO,07/24/2015,43765
S.P. ex S.S. 35 MILANO-MEDA al Km 133+354 Dir. MILANO,07/25/2015,36585
S.P. ex S.S. 35 MILANO-MEDA al Km 133+354 Dir. MILANO,07/26/2015,29084
S.P. ex S.S. 35 MILANO-MEDA al Km 133+354 Dir. MILANO,07/27/2015,40345
S.P. ex S.S. 35 MILANO-MEDA al Km 133+354 Dir. MILANO,07/28/2015,40908
S.P. ex S.S. 35 MILANO-MEDA al Km 133+354 Dir. MILANO,07/29/2015,41614
S.P. ex S.S. 35 MILANO-MEDA al Km 133+354 Dir. MILANO,07/30/2015,42518
S.P. ex S.S. 35 MILANO-MEDA al Km 133+354 Dir. MILANO,07/31/2015,43380
S.P. ex S.S. 35 MILANO-MEDA al Km 133+354 Dir. MILANO,08/01/2015,35451
S.P. ex S.S. 35 MILANO-MEDA al Km 133+354 Dir. MILANO,08/02/2015,27987
S.P. ex S.S. 35 MILANO-MEDA al Km 133+354 Dir. MILANO,08/03/2015,37261
S.P. ex S.S. 35 MILANO-MEDA al Km 133+354 Dir. MILANO,08/04/2015,36773
S.P. ex S.S. 35 MILANO-MEDA al Km 133+354 Dir. MILANO,08/05/2015,32835
S.P. ex S.S. 35 MILANO-MEDA al Km 133+354 Dir. MILANO,08/06/2015,36522
S.P. ex S.S. 35 MILANO-MEDA al Km 133+354 Dir. MILANO,08/08/2015,27803
S.P. ex S.S. 35 MILANO-MEDA al Km 133+354 Dir. MILANO,08/09/2015,22238
S.P. ex S.S. 35 MILANO-MEDA al Km 133+354 Dir. MILANO,08/10/2015,24864
S.P. ex S.S. 35 MILANO-MEDA al Km 133+354 Dir. MILANO,08/11/2015,25176
S.P. ex S.S. 35 MILANO-MEDA al Km 133+354 Dir. MILANO,08/12/2015,24620
S.P. ex S.S. 35 MILANO-MEDA al Km 133+354 Dir. MILANO,08/13/2015,24067
S.P. ex S.S. 35 MILANO-MEDA al Km 133+354 Dir. MILANO,08/14/2015,24309
S.P. ex S.S. 35 MILANO-MEDA al Km 133+354 Dir. MILANO,08/15/2015,18249
S.P. ex S.S. 35 MILANO-MEDA al Km 133+354 Dir. MILANO,08/16/2015,18077
S.P. ex S.S. 35 MILANO-MEDA al Km 133+354 Dir. MILANO,08/17/2015,23055
S.P. ex S.S. 35 MILANO-MEDA al Km 133+354 Dir. MILANO,08/18/2015,22718
S.P. ex S.S. 35 MILANO-MEDA al Km 133+354 Dir. MILANO,08/19/2015,23482
S.P. ex S.S. 35 MILANO-MEDA al Km 133+354 Dir. MILANO,08/20/2015,24301
S.P. ex S.S. 35 MILANO-MEDA al Km 133+354 Dir. MILANO,08/21/2015,25324
S.P. ex S.S. 35 MILANO-MEDA al Km 133+354 Dir. MILANO,08/22/2015,23281
S.P. ex S.S. 35 MILANO-MEDA al Km 133+354 Dir. MILANO,08/23/2015,21453
S.P. ex S.S. 35 MILANO-MEDA al Km 133+354 Dir. MILANO,08/24/2015,28090
S.P. ex S.S. 35 MILANO-MEDA al Km 133+354 Dir. MILANO,08/25/2015,29678
S.P. ex S.S. 35 MILANO-MEDA al Km 133+354 Dir. MILANO,08/26/2015,31771
S.P. ex S.S. 35 MILANO-MEDA al Km 133+354 Dir. MILANO,08/27/2015,33201
S.P. ex S.S. 35 MILANO-MEDA al Km 133+354 Dir. MILANO,08/28/2015,34922
S.P. ex S.S. 35 MILANO-MEDA al Km 133+354 Dir. MILANO,08/29/2015,30757
S.P. ex S.S. 35 MILANO-MEDA al Km 133+354 Dir. MILANO,08/30/2015,26690
S.P. ex S.S. 35 MILANO-MEDA al Km 133+354 Dir. MILANO,08/31/2015,36991
S.P. ex S.S. 35 MILANO-MEDA al Km 133+354 Dir. MILANO,09/01/2015,38854
S.P. ex S.S. 35 MILANO-MEDA al Km 133+354 Dir. MILANO,09/02/2015,40179
S.P. ex S.S. 35 MILANO-MEDA al Km 133+354 Dir. MILANO,09/03/2015,41384
S.P. ex S.S. 35 MILANO-MEDA al Km 133+354 Dir. MILANO,09/04/2015,43673
S.P. ex S.S. 35 MILANO-MEDA al Km 133+354 Dir. MILANO,09/05/2015,38507
S.P. ex S.S. 35 MILANO-MEDA al Km 133+354 Dir. MILANO,09/06/2015,33564
S.P. ex S.S. 35 MILANO-MEDA al Km 133+354 Dir. MILANO,09/07/2015,41333
S.P. ex S.S. 35 MILANO-MEDA al Km 133+354 Dir. MILANO,09/08/2015,42267
S.P. ex S.S. 35 MILANO-MEDA al Km 133+354 Dir. MILANO,09/09/2015,39519
S.P. ex S.S. 35 MILANO-MEDA al Km 133+354 Dir. MILANO,09/10/2015,44132
S.P. ex S.S. 35 MILANO-MEDA al Km 133+354 Dir. MILANO,09/11/2015,46956
S.P. ex S.S. 35 MILANO-MEDA al Km 133+354 Dir. MILANO,09/12/2015,42112
S.P. ex S.S. 35 MILANO-MEDA al Km 133+354 Dir. MILANO,09/13/2015,32548
S.P. ex S.S. 35 MILANO-MEDA al Km 133+354 Dir. MILANO,09/14/2015,41243
S.P. ex S.S. 35 MILANO-MEDA al Km 133+354 Dir. MILANO,09/15/2015,42643
S.P. ex S.S. 35 MILANO-MEDA al Km 133+354 Dir. MILANO,09/16/2015,42800
S.P. ex S.S. 35 MILANO-MEDA al Km 133+354 Dir. MILANO,09/17/2015,41751
S.P. ex S.S. 35 MILANO-MEDA al Km 133+354 Dir. MILANO,09/18/2015,45847
S.P. ex S.S. 35 MILANO-MEDA al Km 133+354 Dir. MILANO,09/19/2015,43205
S.P. ex S.S. 35 MILANO-MEDA al Km 133+354 Dir. MILANO,09/20/2015,34773
S.P. ex S.S. 35 MILANO-MEDA al Km 133+354 Dir. MILANO,09/21/2015,41439
S.P. ex S.S. 35 MILANO-MEDA al Km 133+354 Dir. MILANO,09/22/2015,43167
S.P. ex S.S. 35 MILANO-MEDA al Km 133+354 Dir. MILANO,09/23/2015,41378
S.P. ex S.S. 35 MILANO-MEDA al Km 133+354 Dir. MILANO,09/24/2015,37905
S.P. ex S.S. 35 MILANO-MEDA al Km 133+354 Dir. MILANO,09/25/2015,46579
S.P. ex S.S. 35 MILANO-MEDA al Km 133+354 Dir. MILANO,09/26/2015,43405
S.P. ex S.S. 35 MILANO-MEDA al Km 133+354 Dir. MILANO,09/27/2015,35696
S.P. ex S.S. 35 MILANO-MEDA al Km 133+354 Dir. MILANO,09/28/2015,41772
S.P. ex S.S. 35 MILANO-MEDA al Km 133+354 Dir. MILANO,09/29/2015,38869
S.P. ex S.S. 35 MILANO-MEDA al Km 133+354 Dir. MILANO,09/30/2015,43853
S.P. ex S.S. 35 MILANO-MEDA al Km 134+046 Dir. MEDA,07/01/2015,44663
S.P. ex S.S. 35 MILANO-MEDA al Km 134+046 Dir. MEDA,07/02/2015,45177
S.P. ex S.S. 35 MILANO-MEDA al Km 134+046 Dir. MEDA,07/03/2015,44938
S.P. ex S.S. 35 MILANO-MEDA al Km 134+046 Dir. MEDA,07/04/2015,38360
S.P. ex S.S. 35 MILANO-MEDA al Km 134+046 Dir. MEDA,07/05/2015,34658
S.P. ex S.S. 35 MILANO-MEDA al Km 134+046 Dir. MEDA,07/06/2015,43747
S.P. ex S.S. 35 MILANO-MEDA al Km 134+046 Dir. MEDA,07/07/2015,43132
S.P. ex S.S. 35 MILANO-MEDA al Km 134+046 Dir. MEDA,07/08/2015,43303
S.P. ex S.S. 35 MILANO-MEDA al Km 134+046 Dir. MEDA,07/09/2015,45265
S.P. ex S.S. 35 MILANO-MEDA al Km 134+046 Dir. MEDA,07/10/2015,44155
S.P. ex S.S. 35 MILANO-MEDA al Km 134+046 Dir. MEDA,07/11/2015,38468
S.P. ex S.S. 35 MILANO-MEDA al Km 134+046 Dir. MEDA,07/12/2015,27864
S.P. ex S.S. 35 MILANO-MEDA al Km 134+046 Dir. MEDA,07/13/2015,33554
S.P. ex S.S. 35 MILANO-MEDA al Km 134+046 Dir. MEDA,07/14/2015,31062
S.P. ex S.S. 35 MILANO-MEDA al Km 134+046 Dir. MEDA,07/15/2015,41933
S.P. ex S.S. 35 MILANO-MEDA al Km 134+046 Dir. MEDA,07/16/2015,43122
S.P. ex S.S. 35 MILANO-MEDA al Km 134+046 Dir. MEDA,07/17/2015,45413
S.P. ex S.S. 35 MILANO-MEDA al Km 134+046 Dir. MEDA,07/18/2015,36515
S.P. ex S.S. 35 MILANO-MEDA al Km 134+046 Dir. MEDA,07/19/2015,21648
S.P. ex S.S. 35 MILANO-MEDA al Km 134+046 Dir. MEDA,07/20/2015,42396
S.P. ex S.S. 35 MILANO-MEDA al Km 134+046 Dir. MEDA,07/21/2015,33521
S.P. ex S.S. 35 MILANO-MEDA al Km 134+046 Dir. MEDA,07/22/2015,42940
S.P. ex S.S. 35 MILANO-MEDA al Km 134+046 Dir. MEDA,07/23/2015,43661
S.P. ex S.S. 35 MILANO-MEDA al Km 134+046 Dir. MEDA,07/24/2015,43491
S.P. ex S.S. 35 MILANO-MEDA al Km 134+046 Dir. MEDA,07/25/2015,36357
S.P. ex S.S. 35 MILANO-MEDA al Km 134+046 Dir. MEDA,07/26/2015,31836
S.P. ex S.S. 35 MILANO-MEDA al Km 134+046 Dir. MEDA,07/27/2015,38227
S.P. ex S.S. 35 MILANO-MEDA al Km 134+046 Dir. MEDA,07/28/2015,42162
S.P. ex S.S. 35 MILANO-MEDA al Km 134+046 Dir. MEDA,07/29/2015,42711
S.P. ex S.S. 35 MILANO-MEDA al Km 134+046 Dir. MEDA,07/30/2015,43447
S.P. ex S.S. 35 MILANO-MEDA al Km 134+046 Dir. MEDA,07/31/2015,41352
S.P. ex S.S. 35 MILANO-MEDA al Km 134+046 Dir. MEDA,08/01/2015,33516
S.P. ex S.S. 35 MILANO-MEDA al Km 134+046 Dir. MEDA,08/02/2015,10620
S.P. ex S.S. 35 MILANO-MEDA al Km 134+046 Dir. MEDA,08/03/2015,23502
S.P. ex S.S. 35 MILANO-MEDA al Km 134+046 Dir. MEDA,08/04/2015,37276
S.P. ex S.S. 35 MILANO-MEDA al Km 134+046 Dir. MEDA,08/05/2015,37281
S.P. ex S.S. 35 MILANO-MEDA al Km 134+046 Dir. MEDA,08/06/2015,36711
S.P. ex S.S. 35 MILANO-MEDA al Km 134+046 Dir. MEDA,08/07/2015,34817
S.P. ex S.S. 35 MILANO-MEDA al Km 134+046 Dir. MEDA,08/08/2015,25664
S.P. ex S.S. 35 MILANO-MEDA al Km 134+046 Dir. MEDA,08/09/2015,22010
S.P. ex S.S. 35 MILANO-MEDA al Km 134+046 Dir. MEDA,08/10/2015,26134
S.P. ex S.S. 35 MILANO-MEDA al Km 134+046 Dir. MEDA,08/11/2015,25214
S.P. ex S.S. 35 MILANO-MEDA al Km 134+046 Dir. MEDA,08/12/2015,24335
S.P. ex S.S. 35 MILANO-MEDA al Km 134+046 Dir. MEDA,08/13/2015,24342
S.P. ex S.S. 35 MILANO-MEDA al Km 134+046 Dir. MEDA,08/14/2015,23286
S.P. ex S.S. 35 MILANO-MEDA al Km 134+046 Dir. MEDA,08/15/2015,18800
S.P. ex S.S. 35 MILANO-MEDA al Km 134+046 Dir. MEDA,08/16/2015,20008
S.P. ex S.S. 35 MILANO-MEDA al Km 134+046 Dir. MEDA,08/17/2015,23826
S.P. ex S.S. 35 MILANO-MEDA al Km 134+046 Dir. MEDA,08/18/2015,23895
S.P. ex S.S. 35 MILANO-MEDA al Km 134+046 Dir. MEDA,08/19/2015,24312
S.P. ex S.S. 35 MILANO-MEDA al Km 134+046 Dir. MEDA,08/20/2015,24742
S.P. ex S.S. 35 MILANO-MEDA al Km 134+046 Dir. MEDA,08/21/2015,26676
S.P. ex S.S. 35 MILANO-MEDA al Km 134+046 Dir. MEDA,08/22/2015,25050
S.P. ex S.S. 35 MILANO-MEDA al Km 134+046 Dir. MEDA,08/23/2015,25236
S.P. ex S.S. 35 MILANO-MEDA al Km 134+046 Dir. MEDA,08/24/2015,31531
S.P. ex S.S. 35 MILANO-MEDA al Km 134+046 Dir. MEDA,08/25/2015,32401
S.P. ex S.S. 35 MILANO-MEDA al Km 134+046 Dir. MEDA,08/26/2015,34413
S.P. ex S.S. 35 MILANO-MEDA al Km 134+046 Dir. MEDA,08/27/2015,35936
S.P. ex S.S. 35 MILANO-MEDA al Km 134+046 Dir. MEDA,08/28/2015,37484
S.P. ex S.S. 35 MILANO-MEDA al Km 134+046 Dir. MEDA,08/29/2015,33506
S.P. ex S.S. 35 MILANO-MEDA al Km 134+046 Dir. MEDA,08/30/2015,32028
S.P. ex S.S. 35 MILANO-MEDA al Km 134+046 Dir. MEDA,08/31/2015,38523
S.P. ex S.S. 35 MILANO-MEDA al Km 134+046 Dir. MEDA,09/01/2015,41186
S.P. ex S.S. 35 MILANO-MEDA al Km 134+046 Dir. MEDA,09/02/2015,40206
S.P. ex S.S. 35 MILANO-MEDA al Km 134+046 Dir. MEDA,09/03/2015,42345
S.P. ex S.S. 35 MILANO-MEDA al Km 134+046 Dir. MEDA,09/04/2015,44723
S.P. ex S.S. 35 MILANO-MEDA al Km 134+046 Dir. MEDA,09/05/2015,40179
S.P. ex S.S. 35 MILANO-MEDA al Km 134+046 Dir. MEDA,09/06/2015,37336
S.P. ex S.S. 35 MILANO-MEDA al Km 134+046 Dir. MEDA,09/07/2015,42527
S.P. ex S.S. 35 MILANO-MEDA al Km 134+046 Dir. MEDA,09/08/2015,42923
S.P. ex S.S. 35 MILANO-MEDA al Km 134+046 Dir. MEDA,09/09/2015,34787
S.P. ex S.S. 35 MILANO-MEDA al Km 134+046 Dir. MEDA,09/10/2015,22116
S.P. ex S.S. 35 MILANO-MEDA al Km 134+046 Dir. MEDA,09/11/2015,25354
S.P. ex S.S. 35 MILANO-MEDA al Km 134+046 Dir. MEDA,09/12/2015,42866
S.P. ex S.S. 35 MILANO-MEDA al Km 134+046 Dir. MEDA,09/13/2015,36053
S.P. ex S.S. 35 MILANO-MEDA al Km 134+046 Dir. MEDA,09/14/2015,34699
S.P. ex S.S. 35 MILANO-MEDA al Km 134+046 Dir. MEDA,09/15/2015,44108
S.P. ex S.S. 35 MILANO-MEDA al Km 134+046 Dir. MEDA,09/16/2015,43131
S.P. ex S.S. 35 MILANO-MEDA al Km 134+046 Dir. MEDA,09/17/2015,44773
S.P. ex S.S. 35 MILANO-MEDA al Km 134+046 Dir. MEDA,09/18/2015,47068
S.P. ex S.S. 35 MILANO-MEDA al Km 134+046 Dir. MEDA,09/19/2015,43925
S.P. ex S.S. 35 MILANO-MEDA al Km 134+046 Dir. MEDA,09/20/2015,39356
S.P. ex S.S. 35 MILANO-MEDA al Km 134+046 Dir. MEDA,09/21/2015,42746
S.P. ex S.S. 35 MILANO-MEDA al Km 134+046 Dir. MEDA,09/22/2015,44729
S.P. ex S.S. 35 MILANO-MEDA al Km 134+046 Dir. MEDA,09/23/2015,43219
S.P. ex S.S. 35 MILANO-MEDA al Km 134+046 Dir. MEDA,09/24/2015,45873
S.P. ex S.S. 35 MILANO-MEDA al Km 134+046 Dir. MEDA,09/25/2015,47924
S.P. ex S.S. 35 MILANO-MEDA al Km 134+046 Dir. MEDA,09/26/2015,44252
S.P. ex S.S. 35 MILANO-MEDA al Km 134+046 Dir. MEDA,09/27/2015,39874
S.P. ex S.S. 35 MILANO-MEDA al Km 134+046 Dir. MEDA,09/28/2015,44776
S.P. ex S.S. 35 MILANO-MEDA al Km 134+046 Dir. MEDA,09/29/2015,41334
S.P. ex S.S. 35 MILANO-MEDA al Km 134+046 Dir. MEDA,09/30/2015,45341
S.P. ex S.S. 415 Paullese al Km 7+051 Dir. Milano,07/01/2015,13966
S.P. ex S.S. 415 Paullese al Km 7+051 Dir. Milano,07/02/2015,13569
S.P. ex S.S. 415 Paullese al Km 7+051 Dir. Milano,07/03/2015,14869
S.P. ex S.S. 415 Paullese al Km 7+051 Dir. Milano,07/04/2015,12773
S.P. ex S.S. 415 Paullese al Km 7+051 Dir. Milano,07/05/2015,10621
S.P. ex S.S. 415 Paullese al Km 7+051 Dir. Milano,07/06/2015,14092
S.P. ex S.S. 415 Paullese al Km 7+051 Dir. Milano,07/07/2015,14368
S.P. ex S.S. 415 Paullese al Km 7+051 Dir. Milano,07/08/2015,9638
S.P. ex S.S. 415 Paullese al Km 7+051 Dir. Milano,07/09/2015,14595
S.P. ex S.S. 415 Paullese al Km 7+051 Dir. Milano,07/10/2015,14579
S.P. ex S.S. 415 Paullese al Km 7+051 Dir. Milano,07/11/2015,12235
S.P. ex S.S. 415 Paullese al Km 7+051 Dir. Milano,07/12/2015,10172
S.P. ex S.S. 415 Paullese al Km 7+051 Dir. Milano,07/13/2015,14134
S.P. ex S.S. 415 Paullese al Km 7+051 Dir. Milano,07/14/2015,14166
S.P. ex S.S. 415 Paullese al Km 7+051 Dir. Milano,07/15/2015,14379
S.P. ex S.S. 415 Paullese al Km 7+051 Dir. Milano,07/16/2015,14597
S.P. ex S.S. 415 Paullese al Km 7+051 Dir. Milano,07/17/2015,14500
S.P. ex S.S. 415 Paullese al Km 7+051 Dir. Milano,07/18/2015,11205
S.P. ex S.S. 415 Paullese al Km 7+051 Dir. Milano,07/19/2015,9655
S.P. ex S.S. 415 Paullese al Km 7+051 Dir. Milano,07/20/2015,13867
S.P. ex S.S. 415 Paullese al Km 7+051 Dir. Milano,07/21/2015,13999
S.P. ex S.S. 415 Paullese al Km 7+051 Dir. Milano,07/22/2015,14270
S.P. ex S.S. 415 Paullese al Km 7+051 Dir. Milano,07/23/2015,14325
S.P. ex S.S. 415 Paullese al Km 7+051 Dir. Milano,07/24/2015,14204
S.P. ex S.S. 415 Paullese al Km 7+051 Dir. Milano,07/25/2015,11289
S.P. ex S.S. 415 Paullese al Km 7+051 Dir. Milano,07/26/2015,9907
S.P. ex S.S. 415 Paullese al Km 7+051 Dir. Milano,07/27/2015,13445
S.P. ex S.S. 415 Paullese al Km 7+051 Dir. Milano,07/28/2015,13301
S.P. ex S.S. 415 Paullese al Km 7+051 Dir. Milano,07/29/2015,13123
S.P. ex S.S. 415 Paullese al Km 7+051 Dir. Milano,07/30/2015,13307
S.P. ex S.S. 415 Paullese al Km 7+051 Dir. Milano,07/31/2015,13308
S.P. ex S.S. 415 Paullese al Km 7+051 Dir. Milano,08/01/2015,10310
S.P. ex S.S. 415 Paullese al Km 7+051 Dir. Milano,08/02/2015,9055
S.P. ex S.S. 415 Paullese al Km 7+051 Dir. Milano,08/03/2015,12310
S.P. ex S.S. 415 Paullese al Km 7+051 Dir. Milano,08/04/2015,12331
S.P. ex S.S. 415 Paullese al Km 7+051 Dir. Milano,08/05/2015,12362
S.P. ex S.S. 415 Paullese al Km 7+051 Dir. Milano,08/06/2015,12292
S.P. ex S.S. 415 Paullese al Km 7+051 Dir. Milano,08/07/2015,11684
S.P. ex S.S. 415 Paullese al Km 7+051 Dir. Milano,08/08/2015,8397
S.P. ex S.S. 415 Paullese al Km 7+051 Dir. Milano,08/09/2015,7157
S.P. ex S.S. 415 Paullese al Km 7+051 Dir. Milano,08/10/2015,8988
S.P. ex S.S. 415 Paullese al Km 7+051 Dir. Milano,08/11/2015,8988
S.P. ex S.S. 415 Paullese al Km 7+051 Dir. Milano,08/12/2015,8585
S.P. ex S.S. 415 Paullese al Km 7+051 Dir. Milano,08/13/2015,8446
S.P. ex S.S. 415 Paullese al Km 7+051 Dir. Milano,08/14/2015,8220
S.P. ex S.S. 415 Paullese al Km 7+051 Dir. Milano,08/15/2015,5863
S.P. ex S.S. 415 Paullese al Km 7+051 Dir. Milano,08/16/2015,6352
S.P. ex S.S. 415 Paullese al Km 7+051 Dir. Milano,08/17/2015,8273
S.P. ex S.S. 415 Paullese al Km 7+051 Dir. Milano,08/18/2015,8371
S.P. ex S.S. 415 Paullese al Km 7+051 Dir. Milano,08/19/2015,8658
S.P. ex S.S. 415 Paullese al Km 7+051 Dir. Milano,08/20/2015,9006
S.P. ex S.S. 415 Paullese al Km 7+051 Dir. Milano,08/21/2015,9028
S.P. ex S.S. 415 Paullese al Km 7+051 Dir. Milano,08/22/2015,7908
S.P. ex S.S. 415 Paullese al Km 7+051 Dir. Milano,08/23/2015,7615
S.P. ex S.S. 415 Paullese al Km 7+051 Dir. Milano,08/24/2015,10586
S.P. ex S.S. 415 Paullese al Km 7+051 Dir. Milano,08/25/2015,11319
S.P. ex S.S. 415 Paullese al Km 7+051 Dir. Milano,08/26/2015,11649
S.P. ex S.S. 415 Paullese al Km 7+051 Dir. Milano,08/27/2015,11930
S.P. ex S.S. 415 Paullese al Km 7+051 Dir. Milano,08/28/2015,12341
S.P. ex S.S. 415 Paullese al Km 7+051 Dir. Milano,08/29/2015,10311
S.P. ex S.S. 415 Paullese al Km 7+051 Dir. Milano,08/30/2015,9519
S.P. ex S.S. 415 Paullese al Km 7+051 Dir. Milano,08/31/2015,13094
S.P. ex S.S. 415 Paullese al Km 7+051 Dir. Milano,09/01/2015,13805
S.P. ex S.S. 415 Paullese al Km 7+051 Dir. Milano,09/02/2015,13812
S.P. ex S.S. 415 Paullese al Km 7+051 Dir. Milano,09/03/2015,14249
S.P. ex S.S. 415 Paullese al Km 7+051 Dir. Milano,09/04/2015,14451
S.P. ex S.S. 415 Paullese al Km 7+051 Dir. Milano,09/05/2015,12405
S.P. ex S.S. 415 Paullese al Km 7+051 Dir. Milano,09/06/2015,10951
S.P. ex S.S. 415 Paullese al Km 7+051 Dir. Milano,09/07/2015,14002
S.P. ex S.S. 415 Paullese al Km 7+051 Dir. Milano,09/08/2015,14416
S.P. ex S.S. 415 Paullese al Km 7+051 Dir. Milano,09/09/2015,14412
S.P. ex S.S. 415 Paullese al Km 7+051 Dir. Milano,09/10/2015,14716
S.P. ex S.S. 415 Paullese al Km 7+051 Dir. Milano,09/11/2015,14905
S.P. ex S.S. 415 Paullese al Km 7+051 Dir. Milano,09/12/2015,13515
S.P. ex S.S. 415 Paullese al Km 7+051 Dir. Milano,09/13/2015,11011
S.P. ex S.S. 415 Paullese al Km 7+051 Dir. Milano,09/14/2015,14144
S.P. ex S.S. 415 Paullese al Km 7+051 Dir. Milano,09/15/2015,14651
S.P. ex S.S. 415 Paullese al Km 7+051 Dir. Milano,09/16/2015,14513
S.P. ex S.S. 415 Paullese al Km 7+051 Dir. Milano,09/17/2015,14528
S.P. ex S.S. 415 Paullese al Km 7+051 Dir. Milano,09/18/2015,15367
S.P. ex S.S. 415 Paullese al Km 7+051 Dir. Milano,09/19/2015,13729
S.P. ex S.S. 415 Paullese al Km 7+051 Dir. Milano,09/20/2015,11567
S.P. ex S.S. 415 Paullese al Km 7+051 Dir. Milano,09/21/2015,14538
S.P. ex S.S. 415 Paullese al Km 7+051 Dir. Milano,09/22/2015,15033
S.P. ex S.S. 415 Paullese al Km 7+051 Dir. Milano,09/23/2015,14740
S.P. ex S.S. 415 Paullese al Km 7+051 Dir. Milano,09/24/2015,15216
S.P. ex S.S. 415 Paullese al Km 7+051 Dir. Milano,09/25/2015,15468
S.P. ex S.S. 415 Paullese al Km 7+051 Dir. Milano,09/26/2015,13930
S.P. ex S.S. 415 Paullese al Km 7+051 Dir. Milano,09/27/2015,11861
S.P. ex S.S. 415 Paullese al Km 7+051 Dir. Milano,09/28/2015,14693
S.P. ex S.S. 415 Paullese al Km 7+051 Dir. Milano,09/29/2015,14882
S.P. ex S.S. 415 Paullese al Km 7+051 Dir. Milano,09/30/2015,15143
S.P. ex S.S. 415 Paullese al Km 7+581 Dir. Paullo,07/01/2015,13013
S.P. ex S.S. 415 Paullese al Km 7+581 Dir. Paullo,07/02/2015,13291
S.P. ex S.S. 415 Paullese al Km 7+581 Dir. Paullo,07/03/2015,14350
S.P. ex S.S. 415 Paullese al Km 7+581 Dir. Paullo,07/04/2015,11737
S.P. ex S.S. 415 Paullese al Km 7+581 Dir. Paullo,07/05/2015,9968
S.P. ex S.S. 415 Paullese al Km 7+581 Dir. Paullo,07/06/2015,13903
S.P. ex S.S. 415 Paullese al Km 7+581 Dir. Paullo,07/07/2015,13891
S.P. ex S.S. 415 Paullese al Km 7+581 Dir. Paullo,07/08/2015,13881
S.P. ex S.S. 415 Paullese al Km 7+581 Dir. Paullo,07/09/2015,13997
S.P. ex S.S. 415 Paullese al Km 7+581 Dir. Paullo,07/10/2015,14162
S.P. ex S.S. 415 Paullese al Km 7+581 Dir. Paullo,07/11/2015,11501
S.P. ex S.S. 415 Paullese al Km 7+581 Dir. Paullo,07/12/2015,9494
S.P. ex S.S. 415 Paullese al Km 7+581 Dir. Paullo,07/13/2015,13182
S.P. ex S.S. 415 Paullese al Km 7+581 Dir. Paullo,07/14/2015,13699
S.P. ex S.S. 415 Paullese al Km 7+581 Dir. Paullo,07/15/2015,13752
S.P. ex S.S. 415 Paullese al Km 7+581 Dir. Paullo,07/16/2015,14008
S.P. ex S.S. 415 Paullese al Km 7+581 Dir. Paullo,07/17/2015,14205
S.P. ex S.S. 415 Paullese al Km 7+581 Dir. Paullo,07/18/2015,10958
S.P. ex S.S. 415 Paullese al Km 7+581 Dir. Paullo,07/19/2015,8854
S.P. ex S.S. 415 Paullese al Km 7+581 Dir. Paullo,07/20/2015,12916
S.P. ex S.S. 415 Paullese al Km 7+581 Dir. Paullo,07/21/2015,13423
S.P. ex S.S. 415 Paullese al Km 7+581 Dir. Paullo,07/22/2015,13847
S.P. ex S.S. 415 Paullese al Km 7+581 Dir. Paullo,07/23/2015,13879
S.P. ex S.S. 415 Paullese al Km 7+581 Dir. Paullo,07/24/2015,14146
S.P. ex S.S. 415 Paullese al Km 7+581 Dir. Paullo,07/25/2015,10991
S.P. ex S.S. 415 Paullese al Km 7+581 Dir. Paullo,07/26/2015,9217
S.P. ex S.S. 415 Paullese al Km 7+581 Dir. Paullo,07/27/2015,12874
S.P. ex S.S. 415 Paullese al Km 7+581 Dir. Paullo,07/28/2015,12092
S.P. ex S.S. 415 Paullese al Km 7+581 Dir. Paullo,07/29/2015,12242
S.P. ex S.S. 415 Paullese al Km 7+581 Dir. Paullo,07/30/2015,12373
S.P. ex S.S. 415 Paullese al Km 7+581 Dir. Paullo,07/31/2015,12843
S.P. ex S.S. 415 Paullese al Km 7+581 Dir. Paullo,08/01/2015,10265
S.P. ex S.S. 415 Paullese al Km 7+581 Dir. Paullo,08/02/2015,7700
S.P. ex S.S. 415 Paullese al Km 7+581 Dir. Paullo,08/03/2015,11596
S.P. ex S.S. 415 Paullese al Km 7+581 Dir. Paullo,08/04/2015,11727
S.P. ex S.S. 415 Paullese al Km 7+581 Dir. Paullo,08/05/2015,11679
S.P. ex S.S. 415 Paullese al Km 7+581 Dir. Paullo,08/06/2015,11834
S.P. ex S.S. 415 Paullese al Km 7+581 Dir. Paullo,08/07/2015,11551
S.P. ex S.S. 415 Paullese al Km 7+581 Dir. Paullo,08/08/2015,8011
S.P. ex S.S. 415 Paullese al Km 7+581 Dir. Paullo,08/09/2015,6892
S.P. ex S.S. 415 Paullese al Km 7+581 Dir. Paullo,08/10/2015,8579
S.P. ex S.S. 415 Paullese al Km 7+581 Dir. Paullo,08/11/2015,8517
S.P. ex S.S. 415 Paullese al Km 7+581 Dir. Paullo,08/12/2015,8280
S.P. ex S.S. 415 Paullese al Km 7+581 Dir. Paullo,08/13/2015,8107
S.P. ex S.S. 415 Paullese al Km 7+581 Dir. Paullo,08/14/2015,7953
S.P. ex S.S. 415 Paullese al Km 7+581 Dir. Paullo,08/15/2015,5243
S.P. ex S.S. 415 Paullese al Km 7+581 Dir. Paullo,08/16/2015,5782
S.P. ex S.S. 415 Paullese al Km 7+581 Dir. Paullo,08/17/2015,7740
S.P. ex S.S. 415 Paullese al Km 7+581 Dir. Paullo,08/18/2015,7960
S.P. ex S.S. 415 Paullese al Km 7+581 Dir. Paullo,08/19/2015,8046
S.P. ex S.S. 415 Paullese al Km 7+581 Dir. Paullo,08/20/2015,8460
S.P. ex S.S. 415 Paullese al Km 7+581 Dir. Paullo,08/21/2015,8482
S.P. ex S.S. 415 Paullese al Km 7+581 Dir. Paullo,08/22/2015,7480
S.P. ex S.S. 415 Paullese al Km 7+581 Dir. Paullo,08/23/2015,7044
S.P. ex S.S. 415 Paullese al Km 7+581 Dir. Paullo,08/24/2015,10136
S.P. ex S.S. 415 Paullese al Km 7+581 Dir. Paullo,08/25/2015,10510
S.P. ex S.S. 415 Paullese al Km 7+581 Dir. Paullo,08/26/2015,11160
S.P. ex S.S. 415 Paullese al Km 7+581 Dir. Paullo,08/27/2015,11357
S.P. ex S.S. 415 Paullese al Km 7+581 Dir. Paullo,08/28/2015,11766
S.P. ex S.S. 415 Paullese al Km 7+581 Dir. Paullo,08/29/2015,9670
S.P. ex S.S. 415 Paullese al Km 7+581 Dir. Paullo,08/30/2015,8744
S.P. ex S.S. 415 Paullese al Km 7+581 Dir. Paullo,08/31/2015,12754
S.P. ex S.S. 415 Paullese al Km 7+581 Dir. Paullo,09/01/2015,13104
S.P. ex S.S. 415 Paullese al Km 7+581 Dir. Paullo,09/02/2015,13521
S.P. ex S.S. 415 Paullese al Km 7+581 Dir. Paullo,09/03/2015,13860
S.P. ex S.S. 415 Paullese al Km 7+581 Dir. Paullo,09/04/2015,14111
S.P. ex S.S. 415 Paullese al Km 7+581 Dir. Paullo,09/05/2015,11788
S.P. ex S.S. 415 Paullese al Km 7+581 Dir. Paullo,09/06/2015,10448
S.P. ex S.S. 415 Paullese al Km 7+581 Dir. Paullo,09/07/2015,13795
S.P. ex S.S. 415 Paullese al Km 7+581 Dir. Paullo,09/08/2015,13984
S.P. ex S.S. 415 Paullese al Km 7+581 Dir. Paullo,09/09/2015,14105
S.P. ex S.S. 415 Paullese al Km 7+581 Dir. Paullo,09/10/2015,14348
S.P. ex S.S. 415 Paullese al Km 7+581 Dir. Paullo,09/11/2015,14994
S.P. ex S.S. 415 Paullese al Km 7+581 Dir. Paullo,09/12/2015,12969
S.P. ex S.S. 415 Paullese al Km 7+581 Dir. Paullo,09/13/2015,10310
S.P. ex S.S. 415 Paullese al Km 7+581 Dir. Paullo,09/14/2015,13659
S.P. ex S.S. 415 Paullese al Km 7+581 Dir. Paullo,09/15/2015,13847
S.P. ex S.S. 415 Paullese al Km 7+581 Dir. Paullo,09/16/2015,14229
S.P. ex S.S. 415 Paullese al Km 7+581 Dir. Paullo,09/17/2015,14344
S.P. ex S.S. 415 Paullese al Km 7+581 Dir. Paullo,09/18/2015,15190
S.P. ex S.S. 415 Paullese al Km 7+581 Dir. Paullo,09/19/2015,13244
S.P. ex S.S. 415 Paullese al Km 7+581 Dir. Paullo,09/20/2015,11053
S.P. ex S.S. 415 Paullese al Km 7+581 Dir. Paullo,09/21/2015,14124
S.P. ex S.S. 415 Paullese al Km 7+581 Dir. Paullo,09/22/2015,14228
S.P. ex S.S. 415 Paullese al Km 7+581 Dir. Paullo,09/23/2015,14382
S.P. ex S.S. 415 Paullese al Km 7+581 Dir. Paullo,09/24/2015,14930
S.P. ex S.S. 415 Paullese al Km 7+581 Dir. Paullo,09/25/2015,15168
S.P. ex S.S. 415 Paullese al Km 7+581 Dir. Paullo,09/26/2015,13208
S.P. ex S.S. 415 Paullese al Km 7+581 Dir. Paullo,09/27/2015,11211
S.P. ex S.S. 415 Paullese al Km 7+581 Dir. Paullo,09/28/2015,14210
S.P. ex S.S. 415 Paullese al Km 7+581 Dir. Paullo,09/29/2015,14355
S.P. ex S.S. 415 Paullese al Km 7+581 Dir. Paullo,09/30/2015,14727
