id,gender,age,height_m,weight_kg,bmi,region
1,M,31,1.774,64.3,20.4,Molise
2,F,32,1.658,59.2,21.5,Campania
3,F,41,1.616,72.0,27.6,Liguria
4,F,50,1.533,60.6,25.8,Veneto
5,M,58,1.795,93.2,28.9,Lazio
6,M,32,1.759,77.2,25.0,Sicilia
7,M,67,1.742,68.0,22.4,Sardegna
8,F,40,1.667,67.7,24.4,Lazio
9,F,44,1.557,49.5,20.4,Puglia
10,F,33,1.618,56.6,21.6,Lombardia
11,M,18,1.597,71.2,27.9,Piemonte
12,F,58,1.665,76.5,27.6,Liguria
13,F,56,1.622,68.6,26.1,Sardegna
14,M,40,1.754,61.0,19.8,Abruzzo
15,M,46,1.766,74.6,23.9,Lombardia
16,M,52,1.825,71.0,21.3,Lazio
17,M,21,1.766,88.9,28.5,Campania
18,F,37,1.56,56.6,23.2,Calabria
19,M,56,1.729,65.0,21.7,Veneto
20,M,26,1.842,85.1,25.1,Sardegna
21,F,49,1.599,59.0,23.1,Sardegna
22,M,24,1.764,91.6,29.5,Marche
23,M,51,1.661,62.9,22.8,Molise
24,M,44,1.77,65.2,20.8,Lombardia
25,M,20,1.692,53.1,18.5,Campania
26,F,62,1.632,66.3,24.9,Veneto
27,M,33,1.693,66.8,23.3,Friuli-Venezia Giulia
28,F,32,1.621,54.4,20.7,Puglia
29,F,48,1.734,85.9,28.6,Friuli-Venezia Giulia
30,M,62,1.843,91.7,27.0,Calabria
31,F,29,1.719,73.6,24.9,Piemonte
32,M,45,1.664,80.6,29.1,Friuli-Venezia Giulia
33,M,51,1.755,83.1,27.0,Puglia
34,F,55,1.577,56.0,22.5,Emilia-Romagna
35,F,47,1.581,54.7,21.9,Emilia-Romagna
36,F,39,1.456,58.2,27.5,Umbria
37,M,32,1.837,88.4,26.2,Emilia-Romagna
38,M,46,1.722,75.7,25.5,Puglia
39,F,28,1.587,56.6,22.5,Calabria
40,M,18,1.792,86.2,26.8,Umbria
41,M,51,1.911,83.0,22.7,Lazio
42,M,58,1.646,66.9,24.7,Emilia-Romagna
43,M,18,1.838,99.1,29.3,Umbria
44,F,29,1.515,52.9,23.0,Molise
45,M,54,1.682,57.4,20.3,Molise
46,F,75,1.603,56.2,21.8,Sardegna
47,M,45,1.774,88.0,28.0,Molise
48,F,34,1.648,69.9,25.8,Lombardia
49,F,42,1.609,63.7,24.6,Emilia-Romagna
50,M,65,1.7,67.8,23.5,Campania
51,F,35,1.607,68.3,26.5,Trentino-Alto Adige
52,F,33,1.678,63.2,22.5,Marche
53,F,37,1.645,70.1,25.9,Trentino-Alto Adige
54,F,30,1.633,60.8,22.8,Sicilia
55,F,46,1.544,53.2,22.3,Abruzzo
56,F,69,1.597,58.9,23.1,Basilicata
57,M,49,1.656,65.4,23.9,Basilicata
58,M,41,1.721,73.6,24.9,Veneto
59,M,40,1.752,78.9,25.7,Piemonte
60,M,21,1.758,49.4,16.0,Piemonte
61,M,58,1.737,68.2,22.6,Molise
62,M,43,1.778,75.3,23.8,Piemonte
63,F,42,1.589,74.6,29.5,Emilia-Romagna
64,M,80,1.801,70.6,21.8,Basilicata
65,M,49,1.681,72.0,25.5,Calabria
66,F,33,1.6,75.5,29.5,Abruzzo
67,M,38,1.834,70.8,21.1,Marche
68,F,62,1.611,67.9,26.2,Lombardia
69,M,46,1.654,61.8,22.6,Puglia
70,F,23,1.513,53.8,23.5,Sicilia
71,F,58,1.564,55.2,22.6,Veneto
72,M,34,1.753,70.1,22.8,Friuli-Venezia Giulia
73,M,73,1.883,117.6,33.2,Campania
74,F,61,1.614,71.7,27.5,Lombardia
75,F,38,1.64,76.1,28.3,Lombardia
76,F,64,1.677,74.5,26.5,Calabria
77,F,46,1.571,49.8,20.2,Veneto
78,M,57,1.706,76.2,26.2,Emilia-Romagna
79,M,52,1.792,90.6,28.2,Piemonte
80,M,32,1.706,65.3,22.4,Friuli-Venezia Giulia
81,F,35,1.629,74.0,27.9,Friuli-Venezia Giulia
82,F,60,1.638,72.7,27.1,Abruzzo
83,M,39,1.78,96.8,30.6,Marche
84,M,38,1.769,74.3,23.7,Sicilia
85,M,30,1.726,64.7,21.7,Puglia
86,M,51,1.776,75.4,23.9,Veneto
87,F,75,1.6,75.0,29.3,Veneto
88,F,28,1.634,52.1,19.5,Abruzzo
89,F,45,1.667,52.2,18.8,Liguria
90,M,66,1.737,76.3,25.3,Puglia
91,M,43,1.681,66.9,23.7,Puglia
92,F,51,1.702,72.4,25.0,Lombardia
93,F,29,1.666,77.2,27.8,Abruzzo
94,F,51,1.515,53.6,23.3,Veneto
95,F,42,1.584,48.6,19.4,Puglia
96,M,59,1.765,97.0,31.1,Friuli-Venezia Giulia
97,F,62,1.707,64.1,22.0,Abruzzo
98,M,80,1.72,64.5,21.8,Calabria
99,M,53,1.779,89.6,28.3,Lazio
100,M,49,1.789,76.3,23.8,Friuli-Venezia Giulia
101,M,47,1.781,78.7,24.8,Emilia-Romagna
102,F,39,1.688,75.3,26.4,Campania
103,M,50,1.76,87.6,28.3,Calabria
104,F,40,1.572,59.3,24.0,Sardegna
105,F,47,1.681,83.5,29.6,Trentino-Alto Adige
106,M,64,1.604,47.8,18.6,Molise
107,M,29,1.761,84.6,27.3,Umbria
108,F,62,1.58,56.1,22.5,Lombardia
109,M,64,1.725,86.6,29.1,Piemonte
110,M,43,1.699,73.4,25.4,Umbria
111,M,18,1.776,72.5,23.0,Piemonte
112,M,35,1.772,84.7,27.0,Molise
113,F,64,1.591,70.0,27.7,Lombardia
114,F,44,1.534,63.3,26.9,Campania
115,F,30,1.662,60.5,21.9,Friuli-Venezia Giulia
116,F,37,1.663,65.1,23.5,Basilicata
117,F,57,1.516,57.4,25.0,Puglia
118,M,53,1.774,78.3,24.9,Friuli-Venezia Giulia
119,F,41,1.77,85.4,27.2,Puglia
120,F,39,1.623,49.9,19.0,Friuli-Venezia Giulia
121,F,39,1.582,65.0,26.0,Calabria
122,F,31,1.789,77.3,24.1,Marche
123,M,69,1.745,68.5,22.5,Sicilia
124,M,40,1.755,70.1,22.8,Liguria
125,M,63,1.755,75.0,24.4,Sicilia
126,M,67,1.739,48.4,16.0,Trentino-Alto Adige
127,F,59,1.642,61.7,22.9,Trentino-Alto Adige
128,F,38,1.59,56.6,22.4,Piemonte
129,M,51,1.672,74.3,26.6,Friuli-Venezia Giulia
130,F,44,1.599,57.8,22.6,Lazio
131,M,31,1.763,75.7,24.4,Puglia
132,M,49,1.836,99.9,29.6,Sicilia
133,M,27,1.792,89.9,28.0,Sardegna
134,M,62,1.69,79.2,27.7,Emilia-Romagna
135,F,38,1.695,67.5,23.5,Sicilia
136,M,48,1.769,83.3,26.6,Basilicata
137,F,49,1.544,57.9,24.3,Trentino-Alto Adige
138,F,41,1.61,63.3,24.4,Basilicata
139,M,53,1.787,83.8,26.2,Calabria
140,F,37,1.515,53.3,23.2,Sicilia
141,F,58,1.64,79.3,29.5,Piemonte
142,M,24,1.824,81.6,24.5,Lombardia
143,M,46,1.811,88.1,26.9,Emilia-Romagna
144,M,74,1.728,87.7,29.4,Lombardia
145,M,29,1.71,82.2,28.1,Puglia
146,M,34,1.773,65.3,20.8,Campania
147,F,52,1.614,68.6,26.3,Lombardia
148,F,47,1.657,75.6,27.6,Lombardia
149,M,50,1.825,92.1,27.7,Emilia-Romagna
150,M,52,1.852,74.3,21.7,Abruzzo
151,F,54,1.624,60.7,23.0,Lombardia
152,M,61,1.691,80.1,28.0,Basilicata
153,M,51,1.74,68.8,22.7,Trentino-Alto Adige
154,M,41,1.772,75.6,24.1,Sicilia
155,F,55,1.678,83.7,29.7,Marche
156,M,73,1.845,84.6,24.9,Marche
157,F,43,1.574,56.5,22.8,Friuli-Venezia Giulia
158,F,30,1.734,67.2,22.4,Umbria
159,M,61,1.649,70.7,26.0,Sardegna
160,F,43,1.558,51.0,21.0,Campania
161,M,18,1.77,76.0,24.3,Marche
162,F,57,1.644,70.3,26.0,Lombardia
163,F,36,1.644,78.1,28.9,Lombardia
164,F,43,1.594,68.6,27.0,Sardegna
165,M,49,1.977,89.3,22.9,Molise
166,F,47,1.604,73.4,28.5,Umbria
167,M,55,1.737,72.7,24.1,Lazio
168,M,38,1.743,64.7,21.3,Friuli-Venezia Giulia
169,M,52,1.82,81.1,24.5,Puglia
170,F,41,1.723,87.1,29.3,Calabria
171,F,56,1.574,63.2,25.5,Liguria
172,M,54,1.625,66.1,25.0,Piemonte
173,F,30,1.593,75.9,29.9,Trentino-Alto Adige
174,M,61,1.791,66.4,20.7,Lombardia
175,F,36,1.488,46.8,21.1,Emilia-Romagna
176,M,57,1.825,67.1,20.2,Calabria
177,F,50,1.628,69.2,26.1,Liguria
178,M,72,1.588,64.3,25.5,Basilicata
179,F,41,1.611,76.9,29.6,Lazio
180,M,39,1.692,73.7,25.7,Umbria
181,M,44,1.609,61.6,23.8,Campania
182,M,40,1.76,77.5,25.0,Sicilia
183,F,56,1.586,63.7,25.4,Emilia-Romagna
184,F,20,1.603,51.4,20.0,Marche
185,M,29,1.718,97.8,33.1,Sicilia
186,F,28,1.705,77.2,26.6,Sardegna
187,F,59,1.582,64.2,25.6,Piemonte
188,F,70,1.626,71.0,26.8,Trentino-Alto Adige
189,F,43,1.64,73.0,27.1,Campania
190,M,42,1.786,78.4,24.6,Friuli-Venezia Giulia
191,M,46,1.773,72.6,23.1,Liguria
192,F,62,1.532,62.9,26.8,Sardegna
193,F,31,1.514,59.9,26.2,Sardegna
194,F,48,1.642,60.9,22.6,Sardegna
195,M,59,1.598,74.7,29.3,Campania
196,M,52,1.762,80.4,25.9,Umbria
197,F,47,1.619,71.3,27.2,Friuli-Venezia Giulia
198,F,60,1.561,71.1,29.2,Molise
199,F,18,1.617,65.6,25.1,Marche
200,F,55,1.546,62.0,26.0,Veneto
201,F,35,1.703,79.6,27.4,Basilicata
202,M,18,1.719,67.4,22.8,Umbria
203,M,52,1.702,72.9,25.2,Umbria
204,F,65,1.557,61.6,25.4,Piemonte
205,F,42,1.654,60.6,22.1,Marche
206,M,59,1.893,114.5,32.0,Lazio
207,M,69,1.769,65.1,20.8,Calabria
208,F,64,1.671,58.9,21.1,Sicilia
209,M,69,1.773,90.9,28.9,Veneto
210,M,56,1.749,83.0,27.1,Puglia
211,F,46,1.561,53.4,21.9,Sardegna
212,F,20,1.536,63.3,26.8,Emilia-Romagna
213,F,41,1.626,77.8,29.4,Trentino-Alto Adige
214,M,32,1.751,76.4,24.9,Veneto
215,F,77,1.658,90.1,32.8,Basilicata
216,M,42,1.841,67.2,19.8,Umbria
217,M,46,1.797,87.4,27.1,Veneto
218,F,53,1.523,66.1,28.5,Campania
219,F,45,1.733,83.1,27.7,Sardegna
220,F,70,1.61,63.2,24.4,Veneto
221,F,35,1.662,66.6,24.1,Umbria
222,F,47,1.57,64.9,26.3,Molise
223,M,33,1.626,72.6,27.4,Puglia
224,M,25,1.783,85.2,26.8,Lazio
225,M,35,1.622,74.0,28.1,Puglia
226,M,44,1.664,60.8,21.9,Puglia
227,F,38,1.622,64.0,24.3,Sicilia
228,M,34,1.744,67.5,22.2,Molise
229,F,23,1.546,57.0,23.8,Lombardia
230,F,43,1.579,69.9,28.0,Umbria
231,F,22,1.647,68.7,25.3,Molise
232,F,56,1.746,100.0,32.8,Marche
233,F,46,1.612,66.4,25.6,Lombardia
234,M,23,1.711,73.8,25.2,Emilia-Romagna
235,M,40,1.772,79.5,25.3,Lombardia
236,F,33,1.737,69.6,23.1,Emilia-Romagna
237,M,49,1.763,77.1,24.8,Lazio
238,M,65,1.841,96.2,28.4,Emilia-Romagna
239,F,18,1.522,58.7,25.3,Abruzzo
240,M,46,1.721,67.0,22.6,Veneto
241,F,42,1.638,59.6,22.2,Lombardia
242,F,55,1.628,62.7,23.6,Lombardia
243,F,48,1.603,64.8,25.2,Molise
244,M,33,1.727,85.3,28.6,Lombardia
245,M,40,1.738,63.4,21.0,Veneto
246,F,33,1.605,61.9,24.0,Calabria
247,M,61,1.68,71.8,25.4,Marche
248,F,45,1.581,48.7,19.5,Calabria
249,F,73,1.638,60.3,22.5,Molise
250,F,44,1.606,59.2,23.0,Liguria
251,M,34,1.665,62.7,22.6,Lombardia
252,M,22,1.761,79.3,25.6,Sardegna
253,F,18,1.691,70.1,24.5,Lazio
254,M,21,1.786,74.4,23.3,Emilia-Romagna
255,M,49,1.752,80.7,26.3,Lazio
256,F,52,1.598,77.1,30.2,Piemonte
257,F,21,1.782,95.0,29.9,Sardegna
258,F,58,1.606,49.6,19.2,Calabria
259,F,37,1.686,76.0,26.7,Puglia
260,M,47,1.779,77.5,24.5,Liguria
261,F,69,1.633,67.9,25.5,Calabria
262,F,58,1.569,58.6,23.8,Calabria
263,M,40,1.661,70.0,25.4,Puglia
264,F,31,1.661,70.2,25.5,Umbria
265,F,18,1.571,57.4,23.3,Lazio
266,F,34,1.631,59.3,22.3,Lombardia
267,F,41,1.545,56.5,23.7,Calabria
268,F,30,1.604,66.1,25.7,Calabria
269,M,43,1.722,79.5,26.8,Abruzzo
270,M,46,1.769,86.2,27.6,Puglia
271,F,41,1.553,56.7,23.5,Veneto
272,F,35,1.692,74.0,25.9,Campania
273,F,47,1.584,70.0,27.9,Sicilia
274,F,51,1.52,65.8,28.5,Friuli-Venezia Giulia
275,F,28,1.613,64.6,24.8,Basilicata
276,F,66,1.622,64.0,24.3,Basilicata
277,F,43,1.63,67.9,25.6,Campania
278,F,45,1.702,62.4,21.6,Piemonte
279,F,55,1.606,63.0,24.4,Lombardia
280,F,48,1.613,70.8,27.2,Basilicata
281,F,59,1.554,65.0,26.9,Umbria
282,M,49,1.65,65.9,24.2,Emilia-Romagna
283,M,35,1.682,72.6,25.7,Lazio
284,M,50,1.722,66.8,22.5,Sardegna
285,F,27,1.506,61.5,27.1,Umbria
286,M,46,1.777,78.2,24.8,Piemonte
287,M,44,1.682,68.4,24.2,Lazio
288,F,41,1.585,60.0,23.9,Friuli-Venezia Giulia
289,M,43,1.707,72.3,24.8,Lombardia
290,F,18,1.548,56.7,23.7,Lombardia
291,M,36,1.819,89.2,27.0,Sicilia
292,M,46,1.654,65.1,23.8,Basilicata
293,F,47,1.663,82.4,29.8,Puglia
294,M,29,1.808,96.1,29.4,Lombardia
295,M,63,1.826,74.5,22.3,Liguria
296,F,32,1.56,61.4,25.2,Friuli-Venezia Giulia
297,F,59,1.565,56.4,23.0,Sardegna
298,M,51,1.65,65.4,24.0,Marche
299,F,35,1.635,82.8,31.0,Calabria
300,M,71,1.785,76.7,24.1,Emilia-Romagna
301,M,27,1.841,88.4,26.1,Marche
302,F,58,1.561,64.9,26.6,Umbria
303,F,60,1.537,52.0,22.0,Puglia
304,F,34,1.512,51.3,22.4,Friuli-Venezia Giulia
305,F,65,1.487,47.3,21.4,Veneto
306,F,41,1.589,56.4,22.3,Trentino-Alto Adige
307,F,49,1.602,42.2,16.4,Lazio
308,M,48,1.736,80.3,26.6,Basilicata
309,F,42,1.695,89.5,31.2,Friuli-Venezia Giulia
310,M,57,1.695,73.1,25.4,Campania
311,M,56,1.75,63.5,20.8,Lombardia
312,M,18,1.735,69.4,23.1,Molise
313,M,64,1.724,70.2,23.6,Molise
314,F,20,1.584,55.1,21.9,Sicilia
315,F,60,1.581,68.9,27.6,Umbria
316,F,61,1.578,68.3,27.4,Sardegna
317,M,28,1.76,66.7,21.5,Veneto
318,M,38,1.82,90.0,27.2,Liguria
319,M,28,1.653,80.8,29.6,Emilia-Romagna
320,M,41,1.761,95.2,30.7,Veneto
321,F,40,1.642,90.5,33.6,Marche
322,F,56,1.565,54.6,22.3,Umbria
323,F,64,1.696,96.3,33.5,Marche
324,M,65,1.833,80.5,23.9,Sicilia
325,F,36,1.523,53.9,23.2,Marche
326,F,41,1.643,70.1,26.0,Molise
327,F,19,1.571,57.4,23.3,Friuli-Venezia Giulia
328,F,32,1.639,70.4,26.2,Basilicata
329,M,59,1.771,66.0,21.0,Liguria
330,M,69,1.762,75.4,24.3,Lazio
331,M,26,1.621,75.8,28.9,Basilicata
332,F,36,1.53,58.1,24.8,Lombardia
333,M,44,1.746,77.5,25.4,Friuli-Venezia Giulia
334,M,49,1.788,84.4,26.4,Molise
335,M,32,1.596,72.7,28.5,Abruzzo
336,M,51,1.739,60.6,20.0,Veneto
337,F,37,1.484,58.9,26.8,Piemonte
338,F,44,1.599,61.9,24.2,Lombardia
339,M,53,1.799,82.5,25.5,Sardegna
340,M,45,1.791,90.4,28.2,Veneto
341,M,38,1.694,61.5,21.4,Lombardia
342,M,43,1.616,57.4,22.0,Liguria
343,M,43,1.722,56.9,19.2,Emilia-Romagna
344,M,39,1.82,77.4,23.4,Molise
345,M,41,1.848,99.0,29.0,Sardegna
346,F,68,1.685,69.9,24.6,Umbria
347,F,53,1.622,55.2,21.0,Sicilia
348,M,40,1.777,74.3,23.5,Basilicata
349,M,55,1.711,60.1,20.5,Umbria
350,F,39,1.469,46.6,21.6,Umbria
351,F,62,1.611,67.9,26.2,Marche
352,F,50,1.684,60.9,21.5,Puglia
353,F,43,1.566,69.5,28.3,Puglia
354,M,51,1.727,74.0,24.8,Molise
355,M,21,1.843,85.8,25.3,Piemonte
356,F,28,1.446,50.5,24.2,Veneto
357,M,27,1.791,87.6,27.3,Lazio
358,F,47,1.566,67.1,27.3,Marche
359,F,70,1.65,70.8,26.0,Sicilia
360,F,78,1.615,69.6,26.7,Abruzzo
361,M,54,1.821,80.8,24.4,Friuli-Venezia Giulia
362,F,52,1.644,72.0,26.6,Basilicata
363,M,18,1.645,64.9,24.0,Calabria
364,F,36,1.566,61.4,25.0,Lombardia
365,F,33,1.668,67.3,24.2,Umbria
366,M,35,1.788,75.6,23.6,Marche
367,F,42,1.659,63.1,22.9,Veneto
368,F,37,1.554,63.8,26.4,Molise
369,M,18,1.88,102.2,28.9,Lazio
370,M,56,1.766,88.9,28.5,Sicilia
371,M,28,1.726,63.2,21.2,Umbria
372,M,48,1.637,77.4,28.9,Piemonte
373,M,76,1.732,72.1,24.0,Marche
374,F,31,1.568,65.9,26.8,Molise
375,M,18,1.817,73.6,22.3,Sicilia
376,M,40,1.782,80.8,25.4,Lombardia
377,F,61,1.691,74.2,25.9,Umbria
378,M,74,1.762,63.8,20.5,Molise
379,F,26,1.562,65.4,26.8,Trentino-Alto Adige
380,M,52,1.857,100.1,29.0,Campania
381,M,38,1.812,80.4,24.5,Umbria
382,F,43,1.481,63.8,29.1,Veneto
383,F,80,1.72,72.3,24.4,Campania
384,F,22,1.647,74.7,27.5,Emilia-Romagna
385,F,48,1.694,52.6,18.3,Piemonte
386,F,52,1.525,75.0,32.3,Lombardia
387,M,61,1.726,87.8,29.5,Emilia-Romagna
388,M,46,1.696,69.4,24.1,Sicilia
389,F,49,1.541,45.3,19.1,Marche
390,F,39,1.666,71.8,25.9,Molise
391,F,49,1.62,54.2,20.7,Calabria
392,M,39,1.583,66.0,26.3,Sicilia
393,M,54,1.721,77.7,26.2,Lombardia
394,F,39,1.67,61.8,22.2,Calabria
395,M,50,1.788,90.6,28.4,Umbria
396,F,44,1.69,78.3,27.4,Puglia
397,F,61,1.52,64.5,27.9,Umbria
398,M,44,1.66,69.0,25.0,Umbria
399,F,18,1.628,55.0,20.8,Molise
400,F,63,1.622,73.4,27.9,Emilia-Romagna
401,M,31,1.903,87.6,24.2,Molise
402,F,35,1.669,58.0,20.8,Basilicata
403,F,36,1.652,79.3,29.1,Lazio
404,F,65,1.671,87.4,31.3,Sicilia
405,M,18,1.743,75.6,24.9,Basilicata
406,F,80,1.656,86.3,31.5,Campania
407,M,60,1.828,84.5,25.3,Lazio
408,M,48,1.763,74.2,23.9,Campania
409,F,44,1.571,57.1,23.1,Veneto
410,M,49,1.882,106.0,29.9,Lazio
411,M,52,1.753,69.7,22.7,Lazio
412,F,54,1.537,64.3,27.2,Lazio
413,F,53,1.702,67.6,23.3,Molise
414,F,46,1.628,62.6,23.6,Trentino-Alto Adige
415,F,42,1.671,78.4,28.1,Umbria
416,M,42,1.618,62.4,23.9,Marche
417,M,42,1.891,85.1,23.8,Liguria
418,M,62,1.84,96.2,28.4,Liguria
419,F,53,1.679,83.9,29.8,Emilia-Romagna
420,F,18,1.62,70.7,26.9,Marche
421,F,54,1.661,63.6,23.0,Basilicata
422,F,47,1.491,52.2,23.5,Veneto
423,M,44,1.775,79.5,25.2,Lazio
424,M,39,1.763,80.7,26.0,Basilicata
425,M,61,1.785,70.2,22.0,Umbria
426,F,59,1.657,74.6,27.2,Liguria
427,M,33,1.79,80.9,25.3,Piemonte
428,F,51,1.649,54.0,19.9,Abruzzo
429,M,30,1.845,75.6,22.2,Sardegna
430,M,24,1.865,81.7,23.5,Veneto
431,M,35,1.971,96.2,24.8,Emilia-Romagna
432,F,57,1.644,82.8,30.7,Liguria
433,F,59,1.715,75.7,25.7,Trentino-Alto Adige
434,M,52,1.604,57.8,22.5,Basilicata
435,M,55,1.789,82.1,25.7,Molise
436,F,52,1.622,63.0,23.9,Sicilia
437,M,35,1.885,92.3,26.0,Lombardia
438,F,51,1.596,68.1,26.7,Umbria
439,F,57,1.652,78.2,28.6,Trentino-Alto Adige
440,M,56,1.717,73.5,24.9,Veneto
441,M,62,1.612,77.7,29.9,Sicilia
442,F,55,1.651,75.6,27.7,Abruzzo
443,M,50,1.605,59.0,22.9,Molise
444,M,61,1.752,97.1,31.6,Marche
445,F,44,1.689,74.1,26.0,Umbria
446,F,31,1.547,53.8,22.5,Calabria
447,F,42,1.648,81.4,30.0,Sicilia
448,F,33,1.55,75.0,31.2,Veneto
449,M,34,1.69,71.1,24.9,Calabria
450,M,42,1.748,71.8,23.5,Abruzzo
451,F,33,1.563,59.8,24.5,Sardegna
452,F,40,1.587,68.4,27.1,Basilicata
453,M,18,1.654,78.9,28.8,Abruzzo
454,F,48,1.67,74.5,26.7,Sicilia
455,M,45,1.561,61.6,25.3,Abruzzo
456,M,32,1.706,85.8,29.5,Puglia
457,M,54,1.716,70.8,24.1,Abruzzo
458,M,59,1.794,90.4,28.1,Umbria
459,M,20,1.752,74.0,24.1,Abruzzo
460,M,33,1.652,71.7,26.3,Veneto
461,M,33,1.681,69.7,24.7,Piemonte
462,F,30,1.686,70.6,24.8,Veneto
463,F,57,1.649,64.9,23.9,Abruzzo
464,F,42,1.568,71.4,29.0,Veneto
465,F,41,1.751,69.9,22.8,Abruzzo
466,M,18,1.799,73.7,22.8,Puglia
467,M,54,1.714,92.1,31.4,Calabria
468,F,26,1.678,78.6,27.9,Umbria
469,M,45,1.902,64.5,17.8,Sardegna
470,F,49,1.644,63.0,23.3,Liguria
471,M,65,1.62,51.4,19.6,Veneto
472,F,25,1.603,56.9,22.1,Calabria
473,M,18,1.702,46.4,16.0,Liguria
474,F,47,1.627,65.1,24.6,Lazio
475,F,72,1.684,61.2,21.6,Piemonte
476,F,63,1.53,58.9,25.2,Lombardia
477,M,48,1.862,69.8,20.1,Campania
478,F,37,1.585,63.4,25.2,Campania
479,F,57,1.522,55.0,23.8,Trentino-Alto Adige
480,F,30,1.595,75.0,29.5,Veneto
481,F,52,1.65,79.6,29.2,Friuli-Venezia Giulia
482,F,52,1.567,67.1,27.4,Umbria
483,M,60,1.693,68.9,24.0,Piemonte
484,F,80,1.624,81.7,31.0,Trentino-Alto Adige
485,F,50,1.672,56.8,20.3,Trentino-Alto Adige
486,F,37,1.518,47.9,20.8,Friuli-Venezia Giulia
487,M,44,1.748,75.7,24.7,Puglia
488,M,18,1.702,92.0,31.8,Puglia
489,F,34,1.677,68.6,24.4,Calabria
490,F,38,1.693,70.1,24.5,Liguria
491,M,37,1.637,55.4,20.7,Abruzzo
492,F,47,1.599,71.1,27.8,Abruzzo
493,M,32,1.815,91.8,27.9,Veneto
494,M,61,1.721,81.1,27.4,Basilicata
495,M,45,1.799,74.8,23.1,Calabria
496,M,44,1.947,86.7,22.9,Campania
497,F,40,1.539,50.0,21.1,Veneto
498,M,47,1.778,79.8,25.3,Puglia
499,F,57,1.703,63.1,21.8,Trentino-Alto Adige
500,F,31,1.681,60.7,21.5,Campania
501,F,35,1.598,60.6,23.7,Abruzzo
502,F,40,1.671,65.7,23.5,Liguria
503,M,24,1.679,65.9,23.4,Puglia
504,F,32,1.71,77.2,26.4,Sardegna
505,F,37,1.624,66.6,25.2,Molise
506,M,58,1.781,76.6,24.1,Molise
507,F,48,1.779,80.8,25.5,Emilia-Romagna
508,F,47,1.656,60.4,22.0,Basilicata
509,F,57,1.623,66.7,25.3,Piemonte
510,F,42,1.663,70.4,25.5,Basilicata
511,F,50,1.598,52.3,20.5,Basilicata
512,M,43,1.772,87.9,28.0,Lombardia
513,F,48,1.631,59.5,22.4,Campania
514,F,36,1.604,65.0,25.3,Piemonte
515,M,18,1.763,88.6,28.5,Sicilia
516,M,42,1.771,87.1,27.8,Sicilia
517,M,66,1.667,69.7,25.1,Sicilia
518,F,58,1.59,60.5,23.9,Sardegna
519,F,59,1.655,76.2,27.8,Calabria
520,M,63,1.701,78.2,27.0,Puglia
521,F,46,1.631,61.6,23.1,Friuli-Venezia Giulia
522,M,47,1.74,68.5,22.6,Friuli-Venezia Giulia
523,F,35,1.722,55.7,18.8,Lombardia
524,F,40,1.574,63.1,25.5,Trentino-Alto Adige
525,F,54,1.543,59.0,24.8,Liguria
526,M,63,1.609,73.6,28.4,Campania
527,M,42,1.723,77.4,26.1,Puglia
528,M,38,1.729,86.7,29.0,Sardegna
529,M,45,1.794,73.8,22.9,Friuli-Venezia Giulia
530,F,54,1.639,76.4,28.4,Puglia
531,F,23,1.693,67.1,23.4,Lombardia
532,F,18,1.628,72.4,27.3,Emilia-Romagna
533,F,36,1.614,53.7,20.6,Calabria
534,F,26,1.6,65.8,25.7,Marche
535,F,37,1.601,48.8,19.0,Calabria
536,F,42,1.527,56.4,24.2,Campania
537,F,38,1.636,70.4,26.3,Sicilia
538,M,66,1.723,69.6,23.4,Sardegna
539,M,49,1.673,61.2,21.8,Sicilia
540,M,49,1.849,94.2,27.5,Calabria
541,F,54,1.61,64.0,24.7,Lombardia
542,F,27,1.568,57.8,23.5,Veneto
543,M,60,1.836,84.7,25.1,Calabria
544,F,43,1.664,91.2,32.9,Veneto
545,F,55,1.551,68.5,28.5,Piemonte
546,M,28,1.709,83.2,28.5,Puglia
547,M,21,1.741,79.7,26.3,Sardegna
548,F,57,1.577,63.4,25.5,Liguria
549,F,50,1.585,44.7,17.8,Abruzzo
550,F,31,1.634,61.3,23.0,Sicilia
551,F,31,1.552,56.7,23.6,Liguria
552,F,61,1.641,52.2,19.4,Marche
553,F,27,1.566,52.8,21.5,Veneto
554,F,69,1.684,54.0,19.1,Sardegna
555,F,31,1.76,77.1,24.9,Emilia-Romagna
556,M,54,1.845,93.5,27.5,Calabria
557,M,40,1.736,85.3,28.3,Calabria
558,M,54,1.766,81.9,26.2,Sardegna
559,F,36,1.682,62.6,22.1,Sardegna
560,F,42,1.544,45.8,19.2,Lazio
561,F,45,1.649,53.6,19.7,Sicilia
562,M,29,1.643,57.2,21.2,Puglia
563,M,56,1.864,77.6,22.3,Trentino-Alto Adige
564,M,37,1.724,72.9,24.5,Friuli-Venezia Giulia
565,M,41,1.733,65.9,22.0,Abruzzo
566,F,30,1.57,64.1,26.0,Molise
567,M,18,1.718,71.7,24.3,Molise
568,M,42,1.677,70.4,25.0,Abruzzo
569,F,80,1.613,74.0,28.4,Puglia
570,M,56,1.74,65.0,21.5,Marche
571,F,44,1.574,65.1,26.3,Lombardia
572,F,41,1.633,66.5,25.0,Molise
573,M,45,1.772,75.3,24.0,Campania
574,F,53,1.573,68.5,27.7,Marche
575,F,27,1.69,79.0,27.6,Abruzzo
576,F,61,1.71,64.8,22.2,Sardegna
577,M,55,1.699,70.5,24.5,Umbria
578,F,55,1.533,60.7,25.8,Lazio
579,M,51,1.733,72.6,24.2,Campania
580,M,45,1.75,82.0,26.8,Trentino-Alto Adige
581,M,55,1.825,86.1,25.8,Emilia-Romagna
582,F,53,1.622,80.2,30.5,Puglia
583,M,39,1.742,62.0,20.4,Liguria
584,M,36,1.723,73.1,24.6,Piemonte
585,F,46,1.685,63.3,22.3,Liguria
586,M,68,1.774,84.3,26.8,Friuli-Venezia Giulia
587,M,26,1.812,66.2,20.1,Sardegna
588,M,22,1.75,79.8,26.0,Friuli-Venezia Giulia
589,M,47,1.793,74.3,23.1,Lazio
590,M,45,1.865,79.3,22.8,Piemonte
591,M,47,1.777,65.2,20.7,Veneto
592,F,48,1.661,65.1,23.6,Sicilia
593,M,41,1.644,76.3,28.3,Lazio
594,M,67,1.566,61.1,24.9,Marche
595,F,20,1.624,70.9,26.9,Campania
596,M,32,1.743,91.2,30.0,Piemonte
597,F,43,1.531,60.5,25.8,Trentino-Alto Adige
598,M,20,1.767,72.8,23.3,Puglia
599,M,42,1.746,80.5,26.4,Trentino-Alto Adige
600,M,69,1.829,78.2,23.4,Campania
601,M,45,1.756,72.4,23.5,Basilicata
602,M,48,1.698,58.9,20.4,Umbria
603,M,26,1.819,91.9,27.8,Emilia-Romagna
604,M,35,1.735,71.8,23.8,Umbria
605,M,39,1.787,81.6,25.5,Abruzzo
606,M,40,1.717,64.5,21.9,Piemonte
607,M,64,1.705,76.4,26.3,Umbria
608,M,53,1.756,70.0,22.7,Friuli-Venezia Giulia
609,F,28,1.629,65.2,24.6,Sicilia
610,F,48,1.672,77.3,27.6,Trentino-Alto Adige
611,M,52,1.731,82.0,27.4,Umbria
612,F,62,1.528,58.2,24.9,Marche
613,F,68,1.715,57.9,19.7,Sardegna
614,M,29,1.806,110.8,34.0,Piemonte
615,F,32,1.688,86.2,30.2,Calabria
616,F,26,1.611,70.5,27.2,Lazio
617,M,41,1.819,75.2,22.7,Sicilia
618,M,51,1.7,71.3,24.7,Calabria
619,F,59,1.567,57.4,23.4,Umbria
620,F,43,1.628,76.3,28.8,Abruzzo
621,M,40,1.716,75.9,25.8,Puglia
622,M,47,1.682,64.1,22.6,Basilicata
623,M,32,1.738,71.2,23.6,Liguria
624,M,76,1.784,90.3,28.4,Sardegna
625,F,20,1.611,77.3,29.8,Puglia
626,M,47,1.771,92.8,29.6,Lombardia
627,M,75,1.877,96.1,27.3,Sardegna
628,F,45,1.673,67.8,24.2,Molise
629,M,42,1.769,50.1,16.0,Campania
630,M,39,1.714,76.1,25.9,Liguria
631,F,42,1.516,57.5,25.0,Molise
632,F,65,1.737,76.7,25.4,Campania
633,F,18,1.616,65.7,25.2,Puglia
634,F,68,1.575,52.2,21.0,Trentino-Alto Adige
635,M,23,1.914,97.8,26.7,Piemonte
636,M,41,1.7,77.7,26.9,Umbria
637,F,38,1.619,70.9,27.0,Trentino-Alto Adige
638,M,53,1.746,84.8,27.8,Emilia-Romagna
639,M,21,1.778,84.7,26.8,Sardegna
640,M,51,1.768,74.3,23.8,Umbria
641,M,75,1.84,83.9,24.8,Sardegna
642,M,24,1.58,63.1,25.3,Friuli-Venezia Giulia
643,M,47,1.583,63.5,25.3,Friuli-Venezia Giulia
644,M,35,1.715,82.4,28.0,Marche
645,M,51,1.827,89.9,26.9,Umbria
646,F,45,1.591,79.1,31.2,Marche
647,F,35,1.602,81.2,31.6,Calabria
648,F,52,1.599,64.5,25.2,Veneto
649,F,72,1.587,40.3,16.0,Sicilia
650,M,42,1.674,80.4,28.7,Marche
651,M,55,1.681,66.1,23.4,Basilicata
652,F,25,1.732,67.8,22.6,Calabria
653,F,30,1.55,57.2,23.8,Campania
654,F,52,1.715,69.6,23.7,Campania
655,M,67,1.785,85.5,26.8,Molise
656,M,50,1.55,48.8,20.3,Friuli-Venezia Giulia
657,M,40,1.69,62.2,21.8,Sardegna
658,M,44,1.671,72.7,26.0,Lazio
659,F,26,1.679,75.7,26.9,Liguria
660,F,54,1.628,71.3,26.9,Campania
661,M,58,1.806,73.8,22.6,Lazio
662,F,38,1.542,52.4,22.1,Calabria
663,F,37,1.566,57.6,23.5,Lazio
664,M,48,1.789,82.3,25.7,Lazio
665,M,38,1.88,104.1,29.5,Umbria
666,M,44,1.716,55.5,18.9,Campania
667,M,76,1.773,76.5,24.3,Veneto
668,M,41,1.624,55.4,21.0,Liguria
669,M,39,1.583,50.2,20.0,Emilia-Romagna
670,M,35,1.809,91.3,27.9,Piemonte
671,M,56,1.75,81.5,26.6,Trentino-Alto Adige
672,F,42,1.733,79.1,26.3,Lombardia
673,M,35,1.654,75.9,27.8,Friuli-Venezia Giulia
674,F,64,1.6,60.3,23.6,Friuli-Venezia Giulia
675,M,66,1.881,83.8,23.7,Trentino-Alto Adige
676,F,35,1.644,85.3,31.6,Sardegna
677,M,18,1.769,76.0,24.3,Puglia
678,M,60,1.751,83.4,27.2,Puglia
679,F,34,1.637,67.1,25.0,Trentino-Alto Adige
680,F,56,1.598,49.7,19.5,Emilia-Romagna
681,F,18,1.609,48.8,18.9,Piemonte
682,M,58,1.785,74.1,23.3,Sicilia
683,M,26,1.641,75.8,28.2,Lombardia
684,F,55,1.678,77.1,27.4,Umbria
685,F,45,1.582,69.4,27.7,Umbria
686,F,30,1.623,58.1,22.0,Lombardia
687,F,38,1.575,74.0,29.8,Campania
688,M,55,1.745,67.3,22.1,Veneto
689,F,46,1.607,66.2,25.6,Veneto
690,M,53,1.812,82.0,25.0,Sicilia
691,M,74,1.709,71.5,24.5,Friuli-Venezia Giulia
692,M,21,1.799,93.9,29.0,Trentino-Alto Adige
693,F,69,1.584,57.4,22.9,Puglia
694,M,46,1.642,56.5,21.0,Lazio
695,M,31,1.762,77.8,25.1,Puglia
696,F,25,1.659,65.5,23.8,Lombardia
697,M,42,1.785,111.9,35.1,Sicilia
698,F,58,1.68,76.3,27.0,Veneto
699,M,43,1.825,79.2,23.8,Veneto
700,M,67,1.765,68.0,21.8,Marche
701,F,23,1.778,61.2,19.4,Lombardia
702,M,44,1.674,61.4,21.9,Emilia-Romagna
703,M,26,1.766,79.1,25.3,Friuli-Venezia Giulia
704,M,50,1.822,97.3,29.3,Lazio
705,M,58,1.691,81.2,28.4,Liguria
706,F,38,1.539,60.9,25.7,Emilia-Romagna
707,M,18,1.744,73.1,24.0,Friuli-Venezia Giulia
708,F,47,1.6,66.1,25.8,Campania
709,M,51,1.82,77.6,23.4,Piemonte
710,F,51,1.666,83.7,30.2,Liguria
711,F,63,1.611,63.4,24.4,Molise
712,F,28,1.638,66.4,24.7,Molise
713,M,55,1.746,55.9,18.4,Sardegna
714,M,62,1.785,77.7,24.4,Veneto
715,M,18,1.77,86.2,27.5,Umbria
716,F,49,1.678,61.4,21.8,Sicilia
717,F,37,1.678,64.1,22.7,Lombardia
718,F,43,1.65,74.5,27.4,Umbria
719,M,50,1.741,62.3,20.6,Friuli-Venezia Giulia
720,F,37,1.665,78.1,28.2,Trentino-Alto Adige
721,F,34,1.614,61.0,23.4,Molise
722,M,45,1.674,66.8,23.8,Lazio
723,M,28,1.608,56.0,21.6,Piemonte
724,F,28,1.625,69.0,26.1,Abruzzo
725,F,55,1.675,90.8,32.4,Friuli-Venezia Giulia
726,F,27,1.609,70.8,27.3,Piemonte
727,M,54,1.745,68.2,22.4,Veneto
728,F,51,1.623,74.9,28.4,Emilia-Romagna
729,M,19,1.897,86.5,24.0,Lombardia
730,M,34,1.644,78.7,29.1,Abruzzo
731,M,62,1.831,91.9,27.4,Lombardia
732,F,30,1.681,45.7,16.2,Abruzzo
733,F,38,1.584,55.2,22.0,Liguria
734,F,51,1.583,69.7,27.8,Emilia-Romagna
735,M,56,1.718,75.1,25.5,Campania
736,F,41,1.662,60.6,21.9,Lombardia
737,M,36,1.856,79.5,23.1,Puglia
738,F,66,1.601,49.4,19.3,Friuli-Venezia Giulia
739,M,71,1.786,78.9,24.7,Abruzzo
740,M,59,1.72,93.6,31.6,Trentino-Alto Adige
741,M,46,1.646,74.3,27.4,Veneto
742,M,32,1.735,95.1,31.6,Piemonte
743,F,32,1.549,66.3,27.6,Piemonte
744,F,52,1.661,77.5,28.1,Puglia
745,M,51,1.676,86.9,30.9,Abruzzo
746,F,66,1.552,62.9,26.1,Molise
747,M,54,1.681,69.1,24.4,Sicilia
748,F,22,1.585,70.6,28.1,Friuli-Venezia Giulia
749,F,60,1.607,75.8,29.4,Veneto
750,F,30,1.534,55.4,23.6,Campania
751,M,39,1.682,64.6,22.8,Sicilia
752,F,48,1.688,72.4,25.4,Veneto
753,F,74,1.503,62.1,27.5,Trentino-Alto Adige
754,M,80,1.638,73.5,27.4,Umbria
755,M,54,1.706,60.3,20.7,Friuli-Venezia Giulia
756,F,42,1.671,85.9,30.7,Piemonte
757,F,53,1.616,60.3,23.1,Sardegna
758,F,58,1.622,63.7,24.2,Basilicata
759,F,40,1.609,57.7,22.3,Friuli-Venezia Giulia
760,F,71,1.693,94.8,33.1,Trentino-Alto Adige
761,M,48,1.785,81.9,25.7,Marche
762,M,52,1.777,70.9,22.4,Calabria
763,M,54,1.721,81.8,27.6,Umbria
764,F,51,1.663,75.5,27.3,Marche
765,M,57,1.671,68.2,24.4,Trentino-Alto Adige
766,F,35,1.588,69.4,27.5,Molise
767,F,36,1.677,63.4,22.5,Piemonte
768,F,28,1.614,61.2,23.5,Sicilia
769,M,51,1.749,58.0,19.0,Marche
770,F,56,1.62,55.2,21.0,Abruzzo
771,M,51,1.835,102.5,30.4,Abruzzo
772,F,70,1.698,86.3,29.9,Marche
773,M,44,1.697,72.5,25.2,Campania
774,M,55,1.823,99.6,30.0,Campania
775,F,28,1.589,61.9,24.5,Trentino-Alto Adige
776,M,39,1.813,79.8,24.3,Molise
777,M,55,1.869,87.9,25.2,Sardegna
778,F,57,1.627,65.2,24.6,Friuli-Venezia Giulia
779,F,40,1.699,70.3,24.4,Umbria
780,F,43,1.539,67.3,28.4,Calabria
781,F,22,1.593,64.6,25.5,Sicilia
782,F,39,1.603,69.7,27.1,Umbria
783,M,58,1.783,89.3,28.1,Basilicata
784,M,53,1.705,76.0,26.2,Puglia
785,M,52,1.634,59.0,22.1,Friuli-Venezia Giulia
786,F,45,1.593,53.2,20.9,Lombardia
787,F,45,1.628,67.5,25.4,Emilia-Romagna
788,M,35,1.728,73.1,24.5,Molise
789,M,55,1.816,83.3,25.3,Marche
790,F,51,1.613,64.9,25.0,Basilicata
791,M,52,1.886,116.5,32.8,Lombardia
792,F,37,1.61,54.5,21.0,Umbria
793,F,18,1.622,50.1,19.0,Emilia-Romagna
794,F,61,1.625,68.6,26.0,Friuli-Venezia Giulia
795,M,37,1.747,72.8,23.9,Campania
796,F,32,1.696,74.7,25.9,Liguria
797,F,55,1.55,64.3,26.8,Piemonte
798,F,39,1.577,71.7,28.9,Piemonte
799,F,60,1.787,65.4,20.5,Umbria
800,F,54,1.558,56.6,23.3,Emilia-Romagna
801,F,55,1.539,62.2,26.3,Liguria
802,M,24,1.633,72.8,27.3,Friuli-Venezia Giulia
803,F,63,1.495,70.6,31.6,Molise
804,F,48,1.606,71.9,27.9,Puglia
805,M,39,1.766,77.4,24.8,Puglia
806,F,47,1.527,52.1,22.3,Liguria
807,F,18,1.501,52.5,23.3,Campania
808,F,51,1.53,54.4,23.2,Trentino-Alto Adige
809,M,29,1.772,84.6,27.0,Calabria
810,M,24,1.692,73.8,25.8,Lombardia
811,F,22,1.589,53.1,21.0,Lombardia
812,F,61,1.661,65.4,23.7,Marche
813,M,35,1.708,80.6,27.6,Liguria
814,F,68,1.727,77.7,26.1,Lombardia
815,F,36,1.605,68.8,26.7,Marche
816,F,19,1.482,57.4,26.1,Friuli-Venezia Giulia
817,F,28,1.571,73.7,29.9,Umbria
818,M,63,1.766,80.1,25.7,Lazio
819,M,42,1.628,63.2,23.8,Molise
820,M,36,1.712,65.2,22.3,Basilicata
821,F,47,1.687,73.3,25.7,Sicilia
822,M,52,1.759,54.7,17.7,Puglia
823,M,61,1.82,80.9,24.4,Lazio
824,M,66,1.795,78.6,24.4,Trentino-Alto Adige
825,F,39,1.641,56.3,20.9,Umbria
826,F,25,1.624,58.6,22.2,Calabria
827,M,38,1.771,86.0,27.4,Lazio
828,M,48,1.696,73.9,25.7,Friuli-Venezia Giulia
829,F,30,1.743,76.9,25.3,Sardegna
830,M,30,1.762,80.5,25.9,Calabria
831,M,50,1.703,73.3,25.3,Lazio
832,M,44,1.764,89.4,28.7,Friuli-Venezia Giulia
833,M,45,1.707,74.0,25.4,Liguria
834,M,33,1.722,61.1,20.6,Friuli-Venezia Giulia
835,M,41,1.702,86.6,29.9,Sardegna
836,M,31,1.65,71.1,26.1,Molise
837,F,58,1.671,64.8,23.2,Piemonte
838,M,60,1.791,68.1,21.2,Basilicata
839,F,18,1.503,59.2,26.2,Molise
840,F,31,1.62,64.7,24.6,Molise
841,M,22,1.773,93.4,29.7,Lombardia
842,F,35,1.58,59.8,24.0,Campania
843,M,43,1.809,73.6,22.5,Umbria
844,F,23,1.669,77.1,27.7,Sardegna
845,M,31,1.687,79.0,27.8,Veneto
846,M,29,1.683,72.2,25.5,Umbria
847,M,48,1.826,90.1,27.0,Trentino-Alto Adige
848,F,46,1.534,58.6,24.9,Umbria
849,F,34,1.64,69.1,25.7,Sardegna
850,F,47,1.571,70.3,28.5,Calabria
851,M,36,1.688,76.6,26.9,Marche
852,F,40,1.65,66.7,24.5,Emilia-Romagna
853,M,70,1.741,88.1,29.1,Veneto
854,F,65,1.7,51.8,17.9,Sardegna
855,M,25,1.742,94.5,31.2,Puglia
856,M,57,1.723,59.0,19.9,Basilicata
857,M,57,1.788,73.9,23.1,Marche
858,M,27,1.811,81.6,24.9,Calabria
859,F,57,1.646,66.6,24.6,Sardegna
860,M,68,1.746,85.4,28.0,Basilicata
861,F,28,1.512,49.9,21.8,Sardegna
862,M,31,1.575,64.0,25.8,Calabria
863,F,60,1.642,62.7,23.3,Campania
864,M,49,1.793,83.2,25.9,Liguria
865,M,53,1.768,77.6,24.8,Piemonte
866,F,50,1.709,73.8,25.3,Piemonte
867,M,50,1.725,69.5,23.4,Umbria
868,M,25,1.595,59.7,23.5,Umbria
869,F,60,1.552,62.3,25.9,Abruzzo
870,F,62,1.571,68.7,27.8,Veneto
871,M,41,1.838,78.4,23.2,Trentino-Alto Adige
872,M,44,1.816,73.9,22.4,Lazio
873,F,22,1.587,67.6,26.8,Marche
874,M,52,1.671,69.5,24.9,Trentino-Alto Adige
875,M,53,1.775,86.6,27.5,Umbria
876,M,44,1.691,63.7,22.3,Friuli-Venezia Giulia
877,F,61,1.701,56.9,19.7,Trentino-Alto Adige
878,F,39,1.592,59.3,23.4,Molise
879,M,53,1.625,60.0,22.7,Veneto
880,M,29,1.594,62.9,24.8,Marche
881,M,44,1.766,72.0,23.1,Sardegna
882,F,42,1.54,64.5,27.2,Puglia
883,M,48,1.711,70.7,24.1,Piemonte
884,M,39,1.799,82.3,25.5,Umbria
885,F,43,1.539,60.4,25.5,Marche
886,M,57,1.731,76.7,25.6,Piemonte
887,F,38,1.65,67.9,24.9,Marche
888,M,20,1.785,84.5,26.5,Umbria
889,M,71,1.655,61.9,22.6,Marche
890,M,65,1.766,91.0,29.2,Calabria
891,F,25,1.537,57.4,24.3,Lazio
892,F,55,1.674,59.0,21.1,Abruzzo
893,F,37,1.667,71.0,25.6,Abruzzo
894,M,48,1.697,64.6,22.4,Puglia
895,F,49,1.574,66.9,27.0,Abruzzo
896,M,41,1.757,97.6,31.6,Sicilia
897,M,33,1.784,72.0,22.6,Piemonte
898,F,34,1.64,69.9,26.0,Piemonte
899,M,31,1.715,58.1,19.7,Marche
900,M,32,1.715,77.6,26.4,Marche
901,M,43,1.83,74.9,22.3,Friuli-Venezia Giulia
902,M,34,1.771,72.5,23.1,Emilia-Romagna
903,M,55,1.839,73.4,21.7,Umbria
904,F,67,1.56,66.2,27.2,Friuli-Venezia Giulia
905,M,36,1.669,78.1,28.0,Sardegna
906,F,48,1.68,70.7,25.1,Piemonte
907,F,52,1.578,55.8,22.4,Calabria
908,M,52,1.796,96.1,29.8,Umbria
909,M,46,1.833,76.5,22.7,Basilicata
910,M,56,1.879,65.4,18.5,Puglia
911,F,52,1.61,68.4,26.4,Basilicata
912,M,26,1.831,72.7,21.7,Veneto
913,F,58,1.548,67.0,28.0,Molise
914,M,58,1.669,66.5,23.9,Trentino-Alto Adige
915,F,33,1.569,66.0,26.8,Lazio
916,M,45,1.779,92.5,29.2,Campania
917,M,55,1.758,66.0,21.4,Trentino-Alto Adige
918,F,41,1.58,58.2,23.3,Emilia-Romagna
919,F,61,1.622,65.2,24.8,Umbria
920,M,80,1.84,100.2,29.6,Friuli-Venezia Giulia
921,F,33,1.628,61.0,23.0,Lombardia
922,M,24,1.788,74.2,23.2,Calabria
923,F,49,1.51,60.3,26.4,Trentino-Alto Adige
924,F,55,1.657,63.9,23.3,Basilicata
925,M,41,1.718,75.1,25.5,Abruzzo
926,M,66,1.803,66.1,20.3,Piemonte
927,M,24,1.652,86.4,31.6,Lombardia
928,F,55,1.638,56.2,21.0,Sicilia
929,F,35,1.662,66.4,24.0,Campania
930,M,70,1.77,78.0,24.9,Friuli-Venezia Giulia
931,M,74,1.691,87.9,30.7,Lazio
932,F,33,1.6,53.8,21.0,Puglia
933,F,36,1.662,85.5,31.0,Umbria
934,F,57,1.77,85.4,27.3,Piemonte
935,M,39,1.779,83.1,26.3,Lazio
936,M,44,1.71,64.4,22.0,Umbria
937,M,45,1.812,87.7,26.7,Marche
938,F,18,1.699,65.9,22.8,Campania
939,M,44,1.778,91.0,28.8,Sardegna
940,F,34,1.566,54.1,22.1,Trentino-Alto Adige
941,M,37,1.709,72.0,24.7,Trentino-Alto Adige
942,F,66,1.66,64.3,23.3,Campania
943,F,26,1.558,53.5,22.0,Lombardia
944,F,57,1.643,73.5,27.2,Lombardia
945,M,40,1.694,76.3,26.6,Lazio
946,M,40,1.825,95.4,28.6,Sardegna
947,M,56,1.598,50.2,19.7,Sicilia
948,F,50,1.599,72.0,28.2,Sicilia
949,F,53,1.694,93.3,32.5,Abruzzo
950,F,59,1.547,56.6,23.6,Calabria
951,F,40,1.646,83.2,30.7,Emilia-Romagna
952,F,35,1.538,57.3,24.2,Basilicata
953,M,28,1.735,62.9,20.9,Molise
954,F,32,1.605,62.0,24.1,Campania
955,M,80,1.798,91.0,28.1,Sardegna
956,M,63,1.769,70.3,22.5,Basilicata
957,F,24,1.547,55.5,23.2,Campania
958,M,25,1.745,81.6,26.8,Liguria
959,M,52,1.667,69.5,25.0,Sardegna
960,F,53,1.673,74.9,26.8,Basilicata
961,M,53,1.709,75.1,25.7,Puglia
962,F,41,1.602,67.8,26.4,Calabria
963,M,43,1.738,71.6,23.7,Umbria
964,M,49,1.686,73.0,25.7,Campania
965,M,46,1.721,65.8,22.2,Sicilia
966,M,18,1.774,90.8,28.9,Abruzzo
967,F,41,1.458,49.1,23.1,Marche
968,M,32,1.687,80.8,28.4,Calabria
969,F,47,1.599,62.1,24.3,Trentino-Alto Adige
970,M,80,1.825,85.3,25.6,Emilia-Romagna
971,F,50,1.598,60.0,23.5,Basilicata
972,F,40,1.668,61.1,22.0,Veneto
973,F,58,1.687,56.3,19.8,Sardegna
974,M,52,1.83,73.1,21.8,Molise
975,M,51,1.653,65.6,24.0,Liguria
976,M,54,1.803,83.4,25.6,Emilia-Romagna
977,F,75,1.621,73.7,28.0,Trentino-Alto Adige
978,M,28,1.711,69.3,23.7,Molise
979,M,52,1.762,69.4,22.4,Liguria
980,F,31,1.648,56.1,20.7,Marche
981,M,53,1.785,84.2,26.4,Molise
982,F,31,1.695,83.8,29.1,Lazio
983,M,38,1.802,93.5,28.8,Lombardia
984,M,40,1.705,78.9,27.1,Sardegna
985,F,59,1.563,65.7,26.9,Lombardia
986,M,58,1.729,89.9,30.1,Piemonte
987,F,26,1.589,65.6,26.0,Emilia-Romagna
988,M,45,1.804,87.6,26.9,Friuli-Venezia Giulia
989,M,34,1.677,67.6,24.0,Calabria
990,F,26,1.46,44.6,20.9,Emilia-Romagna
991,F,41,1.515,52.7,22.9,Friuli-Venezia Giulia
992,F,40,1.609,64.7,25.0,Campania
993,M,80,1.776,79.4,25.2,Basilicata
994,F,51,1.598,78.6,30.8,Veneto
995,M,24,1.743,76.7,25.2,Molise
996,M,36,1.746,87.0,28.5,Lombardia
997,F,60,1.643,64.0,23.7,Sicilia
998,M,76,1.734,72.3,24.1,Liguria
999,F,21,1.619,55.1,21.0,Calabria
1000,M,18,1.809,74.5,22.8,Puglia
1001,M,73,1.811,87.2,26.6,Puglia
1002,F,50,1.575,62.1,25.0,Veneto
1003,F,31,1.603,71.5,27.8,Marche
1004,F,53,1.536,60.3,25.5,Lombardia
1005,F,18,1.614,62.3,23.9,Umbria
1006,F,45,1.687,89.5,31.4,Molise
1007,F,49,1.661,68.2,24.7,Piemonte
1008,F,58,1.704,82.7,28.5,Sardegna
1009,M,29,1.675,66.8,23.8,Trentino-Alto Adige
1010,M,46,1.87,94.9,27.1,Puglia
1011,M,31,1.687,79.1,27.8,Campania
1012,F,48,1.708,74.8,25.6,Marche
1013,F,31,1.619,47.0,17.9,Marche
1014,M,38,1.71,73.3,25.1,Umbria
1015,F,30,1.709,83.8,28.7,Emilia-Romagna
1016,F,54,1.608,68.8,26.6,Sicilia
1017,M,57,1.852,90.3,26.3,Calabria
1018,F,41,1.697,57.1,19.8,Basilicata
1019,F,45,1.612,59.3,22.8,Abruzzo
1020,M,23,1.729,78.4,26.2,Sicilia
1021,F,40,1.749,80.2,26.2,Calabria
1022,M,44,1.709,83.7,28.6,Molise
1023,F,80,1.63,65.2,24.6,Umbria
1024,F,28,1.689,74.8,26.2,Umbria
1025,F,66,1.583,62.8,25.0,Piemonte
1026,M,59,1.877,77.7,22.0,Liguria
1027,F,49,1.635,48.8,18.2,Puglia
1028,F,71,1.512,60.1,26.3,Friuli-Venezia Giulia
1029,M,50,1.765,79.5,25.5,Friuli-Venezia Giulia
1030,F,50,1.635,61.9,23.1,Molise
1031,M,44,1.75,61.7,20.1,Sicilia
1032,F,63,1.527,62.7,26.9,Umbria
1033,M,61,1.737,73.0,24.2,Lazio
1034,M,35,1.834,89.7,26.7,Lazio
1035,M,25,1.822,101.5,30.6,Sardegna
1036,F,41,1.604,47.8,18.6,Campania
1037,M,32,1.718,67.6,22.9,Puglia
1038,F,44,1.636,65.2,24.4,Emilia-Romagna
1039,M,63,1.707,85.6,29.4,Marche
1040,M,38,1.764,62.5,20.1,Umbria
1041,F,44,1.708,89.9,30.8,Trentino-Alto Adige
1042,F,45,1.583,63.6,25.4,Basilicata
1043,M,57,1.749,75.6,24.7,Trentino-Alto Adige
1044,F,18,1.7,70.5,24.4,Campania
1045,F,35,1.59,59.9,23.7,Molise
1046,F,48,1.584,70.6,28.1,Piemonte
1047,M,63,1.78,69.0,21.8,Friuli-Venezia Giulia
1048,M,37,1.842,88.3,26.0,Trentino-Alto Adige
1049,F,18,1.543,56.8,23.8,Trentino-Alto Adige
1050,M,54,1.816,74.9,22.7,Abruzzo
1051,F,35,1.675,91.9,32.8,Campania
1052,F,27,1.645,71.1,26.3,Abruzzo
1053,F,35,1.616,70.1,26.8,Lazio
1054,F,42,1.518,65.5,28.4,Calabria
1055,F,35,1.571,51.2,20.7,Abruzzo
1056,M,18,1.784,96.3,30.3,Puglia
1057,F,58,1.573,43.2,17.5,Basilicata
1058,M,64,1.691,64.9,22.7,Campania
1059,M,54,1.755,72.7,23.6,Abruzzo
1060,F,27,1.678,75.3,26.7,Sicilia
1061,F,41,1.546,61.4,25.7,Molise
1062,F,44,1.752,75.2,24.5,Lazio
1063,F,53,1.666,69.3,25.0,Umbria
1064,M,55,1.728,65.9,22.1,Friuli-Venezia Giulia
1065,M,33,1.83,68.7,20.5,Sardegna
1066,F,46,1.762,84.4,27.2,Lombardia
1067,M,51,1.749,82.8,27.1,Piemonte
1068,M,66,1.743,90.4,29.8,Campania
1069,M,55,1.718,66.8,22.6,Emilia-Romagna
1070,M,56,1.871,94.8,27.1,Abruzzo
1071,M,46,1.688,68.8,24.1,Abruzzo
1072,M,66,1.804,93.0,28.6,Friuli-Venezia Giulia
1073,M,51,1.775,88.4,28.1,Lombardia
1074,M,32,1.838,86.6,25.6,Trentino-Alto Adige
1075,F,66,1.642,64.7,24.0,Campania
1076,M,55,1.699,80.5,27.9,Trentino-Alto Adige
1077,M,38,1.827,89.9,26.9,Lombardia
1078,F,37,1.646,62.2,22.9,Basilicata
1079,M,49,1.642,56.7,21.0,Sardegna
1080,F,51,1.647,65.5,24.1,Abruzzo
1081,F,47,1.596,75.3,29.5,Sicilia
1082,M,49,1.809,93.0,28.4,Calabria
1083,M,70,1.702,62.8,21.7,Trentino-Alto Adige
1084,F,61,1.596,54.8,21.5,Sicilia
1085,F,47,1.643,77.8,28.8,Sardegna
1086,M,59,1.665,59.8,21.6,Puglia
1087,F,29,1.596,67.6,26.5,Campania
1088,M,50,1.552,55.7,23.2,Emilia-Romagna
1089,F,72,1.554,72.1,29.9,Sardegna
1090,M,41,1.759,70.2,22.7,Campania
1091,F,32,1.569,70.0,28.4,Lazio
1092,F,35,1.58,63.8,25.6,Umbria
1093,F,28,1.561,62.8,25.8,Calabria
1094,F,33,1.728,57.0,19.1,Umbria
1095,M,39,1.653,50.2,18.4,Friuli-Venezia Giulia
1096,M,23,1.748,74.3,24.3,Emilia-Romagna
1097,M,45,1.637,69.0,25.7,Molise
1098,M,58,1.734,65.0,21.6,Umbria
1099,F,31,1.635,58.1,21.7,Molise
1100,M,67,1.794,85.9,26.7,Marche
1101,M,52,1.753,82.0,26.7,Puglia
1102,F,60,1.64,66.2,24.6,Lazio
1103,F,35,1.587,68.9,27.3,Lazio
1104,F,57,1.729,64.2,21.5,Veneto
1105,F,28,1.544,57.0,23.9,Lombardia
1106,M,58,1.684,84.9,29.9,Sicilia
1107,M,47,1.767,78.7,25.2,Piemonte
1108,F,53,1.638,68.1,25.4,Abruzzo
1109,F,27,1.67,89.0,31.9,Liguria
1110,M,31,1.73,62.3,20.8,Abruzzo
1111,F,53,1.672,76.6,27.4,Puglia
1112,M,30,1.717,88.4,30.0,Emilia-Romagna
1113,M,51,1.8,77.9,24.0,Abruzzo
1114,F,24,1.565,67.5,27.6,Lombardia
1115,F,57,1.545,52.6,22.1,Piemonte
1116,F,26,1.607,59.2,22.9,Emilia-Romagna
1117,M,53,1.69,74.7,26.2,Basilicata
1118,F,54,1.662,75.7,27.4,Umbria
1119,M,34,1.796,91.5,28.4,Lazio
1120,M,53,1.636,79.5,29.7,Basilicata
1121,F,48,1.642,66.9,24.8,Friuli-Venezia Giulia
1122,F,36,1.627,75.7,28.6,Umbria
1123,F,29,1.676,67.4,24.0,Campania
1124,F,18,1.667,77.0,27.7,Sicilia
1125,F,50,1.622,67.4,25.6,Marche
1126,F,21,1.566,64.6,26.3,Veneto
1127,M,46,1.81,86.1,26.3,Friuli-Venezia Giulia
1128,M,41,1.768,63.1,20.2,Piemonte
1129,M,55,1.734,65.0,21.6,Sardegna
1130,M,40,1.71,74.0,25.3,Molise
1131,F,40,1.663,55.1,19.9,Sardegna
1132,M,55,1.701,79.6,27.5,Piemonte
1133,M,50,1.677,77.7,27.6,Piemonte
1134,M,49,1.797,83.9,26.0,Umbria
1135,F,52,1.589,54.6,21.6,Sicilia
1136,M,21,1.683,82.6,29.1,Basilicata
1137,F,56,1.515,71.4,31.1,Puglia
1138,M,54,1.716,74.9,25.4,Emilia-Romagna
1139,M,29,1.744,80.7,26.5,Friuli-Venezia Giulia
1140,F,41,1.578,63.7,25.6,Abruzzo
1141,F,44,1.606,68.6,26.6,Umbria
1142,M,42,1.787,78.7,24.6,Lazio
1143,F,50,1.651,67.9,24.9,Sardegna
1144,F,66,1.555,67.0,27.7,Abruzzo
1145,M,61,1.786,102.2,32.0,Molise
1146,F,25,1.688,59.2,20.8,Liguria
1147,F,54,1.552,59.5,24.7,Abruzzo
1148,F,64,1.571,52.9,21.5,Veneto
1149,F,50,1.691,85.2,29.8,Campania
1150,F,61,1.611,60.3,23.2,Abruzzo
1151,F,75,1.487,45.7,20.7,Veneto
1152,F,60,1.536,63.5,26.9,Marche
1153,F,48,1.605,77.9,30.2,Trentino-Alto Adige
1154,F,60,1.55,64.9,27.0,Piemonte
1155,F,47,1.595,65.2,25.6,Calabria
1156,F,45,1.622,69.0,26.2,Friuli-Venezia Giulia
1157,M,39,1.817,96.5,29.2,Puglia
1158,F,68,1.603,57.5,22.4,Abruzzo
1159,F,32,1.684,70.0,24.7,Veneto
1160,M,67,1.791,75.9,23.6,Friuli-Venezia Giulia
1161,F,52,1.706,62.6,21.5,Campania
1162,M,24,1.775,75.7,24.0,Piemonte
1163,M,50,1.756,87.3,28.3,Trentino-Alto Adige
1164,F,18,1.648,72.5,26.7,Umbria
1165,M,54,1.917,99.0,26.9,Trentino-Alto Adige
1166,F,58,1.615,66.4,25.4,Liguria
1167,F,36,1.725,79.0,26.6,Liguria
1168,F,46,1.672,63.1,22.6,Calabria
1169,M,74,1.821,79.8,24.1,Piemonte
1170,M,37,1.786,81.6,25.6,Umbria
1171,F,29,1.64,69.5,25.8,Marche
1172,F,67,1.47,56.1,26.0,Piemonte
1173,F,74,1.59,62.2,24.6,Lombardia
1174,M,45,1.528,55.7,23.9,Basilicata
1175,F,60,1.572,85.1,34.5,Umbria
1176,F,65,1.607,71.6,27.7,Lazio
1177,F,33,1.557,63.6,26.2,Friuli-Venezia Giulia
1178,M,37,1.751,74.5,24.3,Campania
1179,F,63,1.721,70.0,23.6,Campania
1180,F,70,1.567,60.4,24.6,Veneto
1181,F,53,1.629,68.7,25.9,Friuli-Venezia Giulia
1182,M,31,1.783,61.6,19.4,Friuli-Venezia Giulia
1183,F,74,1.657,55.7,20.3,Piemonte
1184,F,37,1.651,62.9,23.1,Lombardia
1185,M,39,1.695,73.6,25.6,Emilia-Romagna
1186,F,50,1.64,65.3,24.3,Umbria
1187,F,68,1.796,95.0,29.4,Emilia-Romagna
1188,M,57,1.799,66.5,20.6,Liguria
1189,M,51,1.786,72.6,22.7,Trentino-Alto Adige
1190,F,51,1.596,75.3,29.6,Abruzzo
1191,M,45,1.75,77.8,25.4,Calabria
1192,F,53,1.53,64.8,27.7,Calabria
1193,M,18,1.862,108.0,31.2,Basilicata
1194,F,40,1.565,56.1,22.9,Marche
1195,M,48,1.76,76.5,24.7,Sardegna
1196,F,27,1.651,65.9,24.2,Piemonte
1197,F,50,1.59,48.4,19.1,Molise
1198,F,41,1.609,62.3,24.1,Lazio
1199,F,71,1.674,77.4,27.6,Calabria
1200,M,68,1.732,79.9,26.6,Piemonte
1201,F,38,1.604,69.1,26.9,Lazio
1202,M,42,1.722,70.8,23.9,Umbria
1203,M,43,1.713,67.5,23.0,Friuli-Venezia Giulia
1204,M,38,1.771,90.3,28.8,Basilicata
1205,M,47,1.645,63.6,23.5,Puglia
1206,F,33,1.65,70.4,25.9,Sardegna
1207,F,28,1.744,77.5,25.5,Sardegna
1208,M,54,1.801,95.3,29.4,Molise
1209,M,54,1.661,77.0,27.9,Sardegna
1210,F,32,1.608,54.6,21.1,Calabria
1211,M,58,1.797,69.2,21.4,Lombardia
1212,M,35,1.777,84.4,26.7,Sicilia
1213,M,48,1.68,70.0,24.8,Campania
1214,F,57,1.645,63.9,23.6,Sardegna
1215,F,44,1.748,85.7,28.0,Marche
1216,M,51,1.732,76.7,25.6,Molise
1217,M,37,1.822,83.5,25.2,Piemonte
1218,F,42,1.582,68.4,27.3,Lazio
1219,F,41,1.618,62.5,23.9,Sardegna
1220,M,33,1.682,84.0,29.7,Lazio
1221,F,42,1.487,50.0,22.6,Calabria
1222,M,21,1.751,82.7,27.0,Sardegna
1223,M,37,1.588,73.9,29.3,Lazio
1224,F,40,1.669,58.2,20.9,Puglia
1225,M,41,1.748,73.3,24.0,Friuli-Venezia Giulia
1226,F,41,1.639,76.4,28.4,Friuli-Venezia Giulia
1227,M,44,1.673,79.7,28.5,Sicilia
1228,M,52,1.528,57.1,24.5,Molise
1229,F,58,1.692,65.3,22.8,Marche
1230,M,35,1.77,87.3,27.9,Friuli-Venezia Giulia
1231,F,26,1.623,75.2,28.6,Calabria
1232,M,29,1.682,60.8,21.5,Trentino-Alto Adige
1233,M,37,1.943,80.7,21.4,Trentino-Alto Adige
1234,M,39,1.729,76.7,25.7,Friuli-Venezia Giulia
1235,F,33,1.679,75.8,26.9,Lazio
1236,M,25,1.704,70.0,24.1,Puglia
1237,F,38,1.554,65.3,27.0,Veneto
1238,M,47,1.738,69.1,22.9,Emilia-Romagna
1239,F,53,1.615,48.6,18.7,Basilicata
1240,M,36,1.722,70.4,23.7,Basilicata
1241,F,38,1.673,70.5,25.2,Friuli-Venezia Giulia
1242,F,31,1.584,60.6,24.2,Emilia-Romagna
1243,F,44,1.608,55.7,21.5,Puglia
1244,F,32,1.704,56.8,19.6,Puglia
1245,F,53,1.712,68.8,23.5,Liguria
1246,F,18,1.714,81.4,27.7,Umbria
1247,M,39,1.606,74.2,28.8,Molise
1248,M,49,1.802,92.7,28.6,Piemonte
1249,F,47,1.563,55.1,22.6,Marche
1250,F,80,1.566,52.8,21.5,Umbria
1251,F,50,1.479,57.9,26.5,Piemonte
1252,M,29,1.7,77.8,26.9,Molise
1253,M,43,1.732,78.6,26.2,Calabria
1254,M,18,1.638,50.9,19.0,Puglia
1255,F,43,1.565,54.9,22.4,Trentino-Alto Adige
1256,M,32,1.796,80.3,24.9,Puglia
1257,M,58,1.85,90.6,26.5,Lazio
1258,M,36,1.721,80.8,27.3,Sicilia
1259,M,43,1.803,82.7,25.4,Piemonte
1260,F,35,1.534,61.2,26.0,Campania
1261,M,71,1.796,81.5,25.3,Campania
1262,F,40,1.494,60.4,27.1,Liguria
1263,M,72,1.772,81.4,25.9,Sardegna
1264,M,57,1.733,75.6,25.2,Marche
1265,M,52,1.842,82.1,24.2,Trentino-Alto Adige
1266,M,50,1.689,72.0,25.2,Molise
1267,M,50,1.794,85.1,26.5,Calabria
1268,M,18,1.73,77.3,25.8,Umbria
1269,F,40,1.74,79.1,26.1,Campania
1270,M,57,1.737,87.6,29.0,Liguria
1271,F,44,1.568,63.4,25.8,Sardegna
1272,F,23,1.653,63.0,23.1,Molise
1273,F,44,1.665,76.7,27.7,Sicilia
1274,M,70,1.767,65.3,20.9,Abruzzo
1275,M,63,1.756,67.1,21.8,Piemonte
1276,M,44,1.806,84.8,26.0,Abruzzo
1277,M,59,1.815,87.4,26.5,Veneto
1278,F,39,1.594,54.0,21.3,Trentino-Alto Adige
1279,M,19,1.811,78.2,23.9,Abruzzo
1280,M,31,1.667,64.4,23.2,Trentino-Alto Adige
1281,F,68,1.551,56.6,23.5,Puglia
1282,F,40,1.627,73.6,27.8,Basilicata
1283,F,41,1.643,73.2,27.1,Abruzzo
1284,M,40,1.757,77.0,24.9,Umbria
1285,M,73,1.717,68.9,23.4,Lombardia
1286,F,69,1.514,48.0,21.0,Lazio
1287,M,78,1.845,99.6,29.3,Molise
1288,M,42,1.704,77.8,26.8,Puglia
1289,M,49,1.694,65.6,22.9,Campania
1290,M,22,1.755,83.7,27.2,Trentino-Alto Adige
1291,M,67,1.798,80.1,24.8,Calabria
1292,M,27,1.74,73.1,24.1,Puglia
1293,F,48,1.766,82.1,26.3,Friuli-Venezia Giulia
1294,F,28,1.646,61.7,22.8,Basilicata
1295,F,36,1.626,63.3,24.0,Sardegna
1296,M,32,1.713,74.4,25.4,Sardegna
1297,M,35,1.711,68.8,23.5,Piemonte
1298,M,36,1.784,85.9,27.0,Friuli-Venezia Giulia
1299,F,36,1.553,73.8,30.6,Basilicata
1300,F,57,1.575,56.4,22.7,Umbria
1301,M,28,1.787,63.9,20.0,Trentino-Alto Adige
1302,F,48,1.516,43.7,19.0,Sicilia
1303,M,63,1.833,82.5,24.5,Sicilia
1304,F,37,1.722,68.2,23.0,Lazio
1305,F,34,1.629,68.0,25.6,Liguria
1306,F,41,1.602,65.2,25.4,Sicilia
1307,F,62,1.583,50.6,20.2,Basilicata
1308,F,47,1.674,54.8,19.6,Sicilia
1309,M,37,1.717,76.3,25.9,Lombardia
1310,F,52,1.731,76.1,25.4,Lazio
1311,M,28,1.702,68.7,23.7,Calabria
1312,F,55,1.635,53.6,20.0,Abruzzo
1313,F,51,1.619,69.3,26.4,Molise
1314,F,40,1.682,81.5,28.8,Basilicata
1315,M,32,1.763,80.3,25.8,Basilicata
1316,F,31,1.572,55.5,22.5,Sardegna
1317,F,53,1.588,63.4,25.1,Calabria
1318,F,63,1.541,49.6,20.9,Liguria
1319,M,35,1.965,108.8,28.2,Sicilia
1320,M,51,1.845,86.0,25.2,Sardegna
1321,M,18,1.663,54.5,19.7,Campania
1322,M,36,1.766,75.2,24.1,Piemonte
1323,F,44,1.539,62.5,26.4,Campania
1324,M,31,1.679,67.7,24.0,Calabria
1325,F,30,1.653,66.1,24.2,Campania
1326,M,34,1.78,67.6,21.3,Molise
1327,M,49,1.702,77.4,26.7,Puglia
1328,F,42,1.522,53.4,23.1,Puglia
1329,F,18,1.631,49.3,18.5,Umbria
1330,M,18,1.846,81.4,23.9,Abruzzo
1331,F,35,1.576,69.4,27.9,Emilia-Romagna
1332,F,51,1.609,61.7,23.8,Puglia
1333,M,18,1.794,97.3,30.2,Sardegna
1334,F,37,1.571,64.9,26.3,Friuli-Venezia Giulia
1335,F,37,1.531,61.0,26.0,Lombardia
1336,F,65,1.728,73.5,24.6,Abruzzo
1337,M,39,1.766,77.3,24.8,Abruzzo
1338,F,50,1.614,63.1,24.2,Basilicata
1339,M,47,1.692,69.0,24.1,Calabria
1340,M,18,1.665,73.7,26.6,Sardegna
1341,M,56,1.71,64.9,22.2,Piemonte
1342,M,48,1.741,66.0,21.8,Veneto
1343,F,52,1.578,53.8,21.6,Lazio
1344,F,80,1.588,78.5,31.1,Liguria
1345,F,18,1.577,66.1,26.6,Calabria
1346,M,70,1.672,72.4,25.9,Piemonte
1347,M,40,1.797,70.5,21.8,Puglia
1348,M,49,1.792,86.3,26.9,Calabria
1349,F,44,1.677,69.3,24.7,Calabria
1350,M,38,1.679,72.3,25.6,Puglia
1351,F,36,1.645,59.7,22.1,Marche
1352,F,49,1.592,64.6,25.5,Puglia
1353,M,22,1.795,76.5,23.7,Campania
1354,F,56,1.637,60.9,22.7,Abruzzo
1355,M,38,1.715,80.0,27.2,Lazio
1356,F,28,1.599,52.1,20.4,Friuli-Venezia Giulia
1357,F,38,1.568,65.7,26.7,Basilicata
1358,M,63,1.692,77.5,27.1,Sicilia
1359,M,36,1.714,65.7,22.4,Molise
1360,F,50,1.7,65.2,22.5,Trentino-Alto Adige
1361,F,34,1.579,60.6,24.3,Lazio
1362,M,56,1.761,80.2,25.8,Abruzzo
1363,F,55,1.684,69.6,24.5,Friuli-Venezia Giulia
1364,F,72,1.543,62.6,26.3,Umbria
1365,F,42,1.555,73.2,30.3,Veneto
1366,M,55,1.724,69.8,23.5,Emilia-Romagna
1367,F,46,1.725,59.1,19.9,Molise
1368,F,64,1.618,71.9,27.5,Liguria
1369,M,34,1.866,104.7,30.0,Molise
1370,M,56,1.771,82.1,26.2,Veneto
1371,F,42,1.646,58.9,21.7,Abruzzo
1372,M,44,1.849,84.2,24.6,Molise
1373,F,46,1.498,48.6,21.6,Lazio
1374,M,48,1.715,79.2,26.9,Sicilia
1375,M,43,1.719,61.9,20.9,Abruzzo
1376,F,48,1.552,58.1,24.1,Basilicata
1377,M,68,1.66,60.6,22.0,Piemonte
1378,F,59,1.556,61.4,25.4,Puglia
1379,M,58,1.827,79.8,23.9,Basilicata
1380,F,38,1.671,71.3,25.5,Abruzzo
1381,M,31,1.857,86.5,25.1,Sicilia
1382,M,59,1.829,73.7,22.0,Lazio
1383,F,58,1.673,75.2,26.9,Calabria
1384,M,67,1.788,79.5,24.9,Molise
1385,F,35,1.707,64.2,22.0,Friuli-Venezia Giulia
1386,M,41,1.836,106.9,31.7,Puglia
1387,F,20,1.594,67.2,26.4,Umbria
1388,M,39,1.652,67.0,24.5,Calabria
1389,F,59,1.594,74.3,29.2,Friuli-Venezia Giulia
1390,M,38,1.736,92.0,30.5,Lazio
1391,M,54,1.756,75.7,24.6,Piemonte
1392,M,42,1.699,75.2,26.0,Veneto
1393,M,49,1.872,77.3,22.0,Friuli-Venezia Giulia
1394,F,27,1.685,69.7,24.6,Lazio
1395,M,46,1.698,70.4,24.4,Molise
1396,F,18,1.674,71.6,25.6,Sardegna
1397,M,42,1.723,77.2,26.0,Sardegna
1398,M,20,1.78,84.6,26.7,Piemonte
1399,F,63,1.54,61.0,25.7,Marche
1400,F,56,1.69,61.0,21.4,Friuli-Venezia Giulia
1401,M,52,1.805,72.3,22.2,Abruzzo
1402,M,67,1.818,77.2,23.4,Basilicata
1403,M,30,1.773,75.9,24.2,Sardegna
1404,F,71,1.515,64.6,28.2,Lazio
1405,F,58,1.626,56.8,21.5,Lazio
1406,M,41,1.824,79.6,23.9,Emilia-Romagna
1407,F,62,1.78,88.3,27.9,Piemonte
1408,F,28,1.626,63.7,24.1,Lombardia
1409,F,32,1.687,75.1,26.4,Marche
1410,F,35,1.634,65.6,24.6,Abruzzo
1411,M,37,1.741,78.1,25.8,Marche
1412,M,29,1.772,76.3,24.3,Calabria
1413,M,63,1.704,78.4,27.0,Sardegna
1414,M,41,1.734,61.2,20.4,Friuli-Venezia Giulia
1415,F,50,1.585,60.1,23.9,Molise
1416,F,36,1.615,67.6,25.9,Puglia
1417,M,18,1.729,79.6,26.6,Emilia-Romagna
1418,M,49,1.852,101.1,29.5,Calabria
1419,M,18,1.857,82.2,23.8,Sardegna
1420,F,43,1.617,77.0,29.4,Marche
1421,M,24,1.679,64.9,23.0,Umbria
1422,F,74,1.69,82.8,29.0,Umbria
1423,M,58,1.647,74.5,27.5,Sicilia
1424,M,46,1.654,60.9,22.3,Sicilia
1425,F,63,1.639,69.7,25.9,Lombardia
1426,F,32,1.68,70.1,24.8,Marche
1427,M,53,1.777,84.9,26.9,Lazio
1428,F,47,1.503,55.0,24.3,Umbria
1429,F,48,1.541,57.2,24.1,Friuli-Venezia Giulia
1430,F,64,1.699,84.0,29.1,Emilia-Romagna
1431,M,55,1.77,77.4,24.7,Piemonte
1432,F,49,1.58,68.6,27.5,Marche
1433,M,20,1.79,77.9,24.3,Lombardia
1434,F,30,1.587,75.5,30.0,Trentino-Alto Adige
1435,M,43,1.735,69.1,23.0,Sicilia
1436,M,46,1.755,71.3,23.2,Veneto
1437,M,28,1.763,92.0,29.6,Lombardia
1438,F,80,1.617,61.8,23.7,Lombardia
1439,M,67,1.603,76.6,29.8,Piemonte
1440,F,54,1.678,77.9,27.7,Veneto
1441,F,46,1.677,69.0,24.5,Lazio
1442,M,41,1.79,62.6,19.6,Veneto
1443,F,30,1.582,62.4,24.9,Calabria
1444,M,46,1.747,77.2,25.3,Umbria
1445,F,48,1.666,79.1,28.5,Abruzzo
1446,M,26,1.968,115.3,29.8,Marche
1447,F,50,1.62,60.2,22.9,Veneto
1448,F,42,1.644,74.1,27.4,Lazio
1449,F,18,1.667,75.9,27.3,Sicilia
1450,F,32,1.513,64.6,28.2,Molise
1451,M,38,1.624,69.9,26.5,Sardegna
1452,F,73,1.606,49.4,19.2,Abruzzo
1453,F,53,1.662,67.8,24.5,Marche
1454,F,24,1.667,59.8,21.5,Lazio
1455,M,52,1.823,81.1,24.4,Umbria
1456,F,21,1.701,80.9,27.9,Trentino-Alto Adige
1457,F,61,1.701,75.0,25.9,Sardegna
1458,F,37,1.707,82.8,28.4,Puglia
1459,M,43,1.862,90.2,26.0,Umbria
1460,F,64,1.622,55.5,21.1,Abruzzo
1461,M,25,1.751,53.4,17.4,Puglia
1462,F,24,1.664,70.5,25.4,Trentino-Alto Adige
1463,M,36,1.755,75.1,24.4,Lombardia
1464,F,60,1.644,59.7,22.1,Abruzzo
1465,F,22,1.618,52.1,19.9,Puglia
1466,M,18,1.893,81.7,22.8,Molise
1467,F,38,1.697,70.4,24.4,Calabria
1468,M,53,1.778,85.3,27.0,Abruzzo
1469,F,63,1.743,77.7,25.6,Campania
1470,F,38,1.522,69.1,29.8,Molise
1471,F,38,1.587,55.1,21.9,Sardegna
1472,F,62,1.622,72.7,27.6,Veneto
1473,F,18,1.688,71.7,25.1,Piemonte
1474,M,39,1.664,75.0,27.1,Puglia
1475,M,47,1.678,66.7,23.7,Emilia-Romagna
1476,F,51,1.552,68.0,28.2,Molise
1477,F,37,1.551,62.2,25.9,Trentino-Alto Adige
1478,F,45,1.639,61.7,23.0,Umbria
1479,F,18,1.538,59.1,25.0,Sardegna
1480,M,35,1.838,82.0,24.3,Marche
1481,F,51,1.65,72.1,26.5,Emilia-Romagna
1482,M,30,1.788,68.6,21.5,Emilia-Romagna
1483,F,45,1.716,73.4,24.9,Liguria
1484,M,51,1.918,96.3,26.2,Abruzzo
1485,M,39,1.903,90.9,25.1,Umbria
1486,M,47,1.702,84.1,29.0,Molise
1487,M,30,1.864,94.9,27.3,Emilia-Romagna
1488,F,41,1.573,61.8,25.0,Piemonte
1489,M,54,1.785,81.7,25.7,Liguria
1490,M,47,1.632,68.9,25.9,Puglia
1491,M,36,1.738,79.2,26.2,Lombardia
1492,M,48,1.693,56.0,19.5,Puglia
1493,M,55,1.808,78.8,24.1,Puglia
1494,M,18,1.825,68.4,20.5,Campania
1495,F,62,1.621,75.7,28.8,Veneto
1496,F,39,1.614,64.7,24.8,Campania
1497,F,51,1.544,58.2,24.4,Umbria
1498,M,62,1.737,83.5,27.7,Trentino-Alto Adige
1499,M,24,1.801,85.2,26.3,Umbria
1500,F,34,1.644,58.4,21.6,Friuli-Venezia Giulia
1501,F,40,1.683,70.2,24.8,Molise
1502,M,33,1.731,71.9,24.0,Lazio
1503,M,71,1.665,54.8,19.8,Marche
1504,M,32,1.671,64.1,22.9,Basilicata
1505,M,36,1.8,79.2,24.4,Sicilia
1506,M,48,1.751,75.6,24.7,Lazio
1507,F,26,1.737,62.0,20.6,Trentino-Alto Adige
1508,F,39,1.661,78.5,28.5,Liguria
1509,F,49,1.712,72.4,24.7,Abruzzo
1510,F,40,1.656,68.9,25.1,Emilia-Romagna
1511,F,43,1.577,65.2,26.2,Sardegna
1512,F,37,1.627,59.9,22.6,Lombardia
1513,F,22,1.634,70.4,26.4,Sicilia
1514,M,49,1.736,72.0,23.9,Molise
1515,M,71,1.752,68.5,22.3,Piemonte
1516,M,45,1.863,92.7,26.7,Lazio
1517,F,48,1.716,86.8,29.5,Campania
1518,F,55,1.495,60.7,27.2,Trentino-Alto Adige
1519,M,25,1.667,77.2,27.8,Puglia
1520,F,70,1.564,57.3,23.4,Basilicata
1521,M,48,1.793,64.9,20.2,Molise
1522,F,69,1.691,84.2,29.5,Piemonte
1523,M,34,1.764,97.0,31.2,Trentino-Alto Adige
1524,M,72,1.757,91.5,29.6,Campania
1525,M,56,1.753,73.7,24.0,Basilicata
1526,M,53,1.823,71.5,21.5,Lombardia
1527,M,48,1.773,68.6,21.8,Marche
1528,M,41,1.853,68.5,19.9,Trentino-Alto Adige
1529,F,63,1.641,66.4,24.7,Calabria
1530,F,47,1.695,85.6,29.8,Emilia-Romagna
1531,M,18,1.756,75.8,24.6,Trentino-Alto Adige
1532,F,28,1.581,64.7,25.9,Veneto
1533,F,42,1.601,74.7,29.1,Molise
1534,M,49,1.913,87.0,23.8,Calabria
1535,M,44,1.749,95.1,31.1,Emilia-Romagna
1536,M,63,1.785,98.7,31.0,Calabria
1537,M,18,1.756,75.9,24.6,Sicilia
1538,F,47,1.672,65.0,23.3,Friuli-Venezia Giulia
1539,M,18,1.623,71.3,27.1,Marche
1540,F,56,1.721,70.9,24.0,Piemonte
1541,F,43,1.532,50.6,21.5,Molise
1542,M,51,1.869,100.8,28.8,Puglia
1543,F,32,1.661,79.0,28.6,Umbria
1544,M,64,1.726,75.8,25.5,Campania
1545,F,60,1.783,67.4,21.2,Lazio
1546,M,53,1.671,59.5,21.3,Calabria
1547,F,43,1.567,62.2,25.3,Puglia
1548,F,53,1.536,55.4,23.5,Sicilia
1549,M,34,1.822,79.6,24.0,Lazio
1550,F,57,1.612,73.0,28.1,Trentino-Alto Adige
1551,F,69,1.626,71.9,27.2,Lazio
1552,F,61,1.602,74.8,29.1,Lazio
1553,F,34,1.658,60.6,22.0,Emilia-Romagna
1554,F,50,1.597,61.1,24.0,Marche
1555,M,25,1.678,76.8,27.3,Piemonte
1556,M,53,1.753,81.0,26.3,Molise
1557,F,51,1.478,64.7,29.6,Sicilia
1558,M,18,1.756,80.9,26.3,Abruzzo
1559,F,27,1.561,74.5,30.5,Lazio
1560,F,40,1.63,70.7,26.6,Puglia
1561,M,40,1.747,86.0,28.2,Calabria
1562,M,26,1.652,65.6,24.0,Sicilia
1563,F,50,1.684,71.0,25.0,Basilicata
1564,M,48,1.786,88.5,27.7,Sardegna
1565,F,42,1.725,88.8,29.8,Piemonte
1566,M,33,1.709,79.4,27.2,Basilicata
1567,F,60,1.57,61.0,24.8,Sardegna
1568,M,69,1.807,95.1,29.1,Abruzzo
1569,F,37,1.594,46.8,18.4,Calabria
1570,M,35,1.719,61.3,20.7,Emilia-Romagna
1571,F,52,1.591,68.5,27.0,Sicilia
1572,M,39,1.745,76.3,25.0,Sicilia
1573,F,42,1.701,77.5,26.8,Marche
1574,F,56,1.504,57.0,25.2,Abruzzo
1575,M,18,1.731,80.0,26.7,Sicilia
1576,M,64,1.749,69.0,22.6,Sardegna
1577,M,46,1.76,82.8,26.7,Emilia-Romagna
1578,F,38,1.699,80.7,28.0,Veneto
1579,F,43,1.616,74.8,28.7,Friuli-Venezia Giulia
1580,F,44,1.609,80.4,31.0,Molise
1581,M,19,1.777,81.3,25.7,Liguria
1582,M,67,1.782,82.0,25.8,Umbria
1583,F,45,1.597,52.1,20.4,Emilia-Romagna
1584,M,51,1.754,72.0,23.4,Molise
1585,F,59,1.581,61.0,24.4,Piemonte
1586,M,29,1.801,91.3,28.2,Molise
1587,F,52,1.588,58.4,23.2,Basilicata
1588,M,40,1.704,79.5,27.4,Lazio
1589,M,57,1.71,73.1,25.0,Lombardia
1590,F,18,1.644,66.1,24.5,Liguria
1591,F,43,1.622,67.7,25.7,Veneto
1592,F,35,1.519,55.0,23.8,Basilicata
1593,M,51,1.814,78.0,23.7,Lombardia
1594,M,52,1.759,61.5,19.9,Trentino-Alto Adige
1595,F,34,1.655,66.5,24.3,Campania
1596,F,34,1.461,50.3,23.6,Lazio
1597,M,43,1.802,76.2,23.5,Veneto
1598,M,31,1.773,82.5,26.3,Friuli-Venezia Giulia
1599,M,57,1.909,98.3,27.0,Molise
1600,F,39,1.664,71.2,25.7,Lombardia
1601,M,18,1.786,89.3,28.0,Umbria
1602,M,39,1.713,78.4,26.7,Calabria
1603,M,29,1.689,68.8,24.1,Veneto
1604,M,20,1.749,72.2,23.6,Abruzzo
1605,M,26,1.76,80.3,25.9,Sardegna
1606,F,46,1.573,66.2,26.7,Trentino-Alto Adige
1607,M,64,1.737,88.1,29.2,Marche
1608,F,49,1.596,72.8,28.6,Liguria
1609,M,35,1.769,73.2,23.4,Emilia-Romagna
1610,F,51,1.617,64.5,24.7,Friuli-Venezia Giulia
1611,F,38,1.653,73.8,27.0,Molise
1612,F,34,1.54,66.9,28.2,Emilia-Romagna
1613,F,27,1.575,69.0,27.8,Piemonte
1614,M,18,1.818,82.0,24.8,Liguria
1615,M,39,1.715,62.4,21.2,Marche
1616,F,47,1.613,57.3,22.0,Basilicata
1617,F,43,1.685,73.3,25.8,Liguria
1618,F,38,1.622,68.5,26.0,Basilicata
1619,F,30,1.591,54.9,21.7,Marche
1620,F,54,1.605,64.8,25.1,Puglia
1621,M,25,1.721,79.7,26.9,Campania
1622,M,56,1.68,60.8,21.5,Lazio
1623,F,29,1.702,82.1,28.3,Piemonte
1624,F,33,1.642,64.3,23.9,Basilicata
1625,M,22,1.659,79.2,28.8,Umbria
1626,F,37,1.562,57.1,23.4,Trentino-Alto Adige
1627,M,59,1.741,66.5,21.9,Lazio
1628,F,52,1.577,58.7,23.6,Molise
1629,M,59,1.765,77.0,24.7,Trentino-Alto Adige
1630,M,52,1.719,70.4,23.8,Molise
1631,F,28,1.664,67.4,24.4,Lazio
1632,M,40,1.776,82.0,26.0,Lombardia
1633,F,33,1.623,64.5,24.5,Lazio
1634,F,64,1.661,68.4,24.8,Calabria
1635,F,27,1.496,44.5,19.9,Calabria
1636,M,58,1.765,81.5,26.2,Basilicata
1637,M,58,1.686,70.3,24.7,Liguria
1638,M,72,1.871,104.4,29.8,Piemonte
1639,F,38,1.629,58.9,22.2,Marche
1640,F,55,1.622,51.5,19.6,Campania
1641,F,79,1.615,70.0,26.9,Marche
1642,F,35,1.679,73.4,26.0,Lombardia
1643,F,21,1.665,60.9,22.0,Calabria
1644,F,18,1.638,54.8,20.4,Piemonte
1645,M,55,1.822,98.3,29.6,Liguria
1646,F,18,1.614,76.2,29.2,Campania
1647,M,39,1.691,50.1,17.5,Sicilia
1648,F,51,1.531,55.4,23.6,Sardegna
1649,F,47,1.628,79.5,30.0,Piemonte
1650,F,51,1.624,62.2,23.6,Lombardia
1651,M,48,1.76,72.9,23.5,Puglia
1652,M,64,1.804,78.6,24.2,Puglia
1653,M,30,1.917,79.5,21.6,Piemonte
1654,M,34,1.808,65.0,19.9,Friuli-Venezia Giulia
1655,M,33,1.831,94.4,28.2,Lombardia
1656,F,57,1.709,56.9,19.5,Umbria
1657,F,58,1.544,61.3,25.7,Abruzzo
1658,M,51,1.754,85.1,27.7,Campania
1659,M,62,1.758,63.8,20.6,Lazio
1660,M,27,1.675,62.3,22.2,Campania
1661,F,70,1.543,68.1,28.6,Calabria
1662,F,67,1.596,67.7,26.6,Basilicata
1663,F,56,1.621,60.8,23.1,Abruzzo
1664,M,71,1.785,91.2,28.6,Molise
1665,F,20,1.585,71.9,28.6,Marche
1666,F,37,1.713,75.8,25.8,Marche
1667,M,33,1.714,65.5,22.3,Lombardia
1668,F,55,1.516,54.6,23.8,Puglia
1669,M,29,1.875,90.9,25.9,Friuli-Venezia Giulia
1670,F,56,1.484,53.8,24.4,Emilia-Romagna
1671,M,65,1.734,83.7,27.8,Calabria
1672,F,55,1.807,66.7,20.4,Friuli-Venezia Giulia
1673,F,49,1.619,53.8,20.5,Sardegna
1674,F,30,1.553,61.6,25.5,Sicilia
1675,F,32,1.617,61.5,23.5,Emilia-Romagna
1676,M,63,1.779,73.2,23.1,Emilia-Romagna
1677,M,56,1.792,63.2,19.7,Puglia
1678,M,44,1.817,82.7,25.1,Puglia
1679,M,38,1.877,87.5,24.8,Basilicata
1680,F,18,1.721,79.9,27.0,Marche
1681,M,28,1.676,70.8,25.2,Umbria
1682,F,73,1.664,68.1,24.6,Puglia
1683,F,25,1.582,71.4,28.5,Calabria
1684,F,47,1.697,60.7,21.1,Campania
1685,M,60,1.652,72.6,26.6,Basilicata
1686,F,26,1.637,53.5,20.0,Umbria
1687,F,47,1.564,55.0,22.5,Sicilia
1688,M,59,1.809,69.9,21.4,Basilicata
1689,F,45,1.661,75.5,27.3,Sardegna
1690,F,80,1.593,63.0,24.8,Liguria
1691,M,19,1.803,81.1,25.0,Veneto
1692,F,60,1.581,54.2,21.7,Liguria
1693,M,42,1.818,79.7,24.1,Abruzzo
1694,M,56,1.749,69.5,22.7,Umbria
1695,M,51,1.708,76.3,26.2,Piemonte
1696,M,34,1.641,59.3,22.0,Basilicata
1697,M,48,1.807,94.7,29.0,Umbria
1698,M,18,1.78,63.3,20.0,Liguria
1699,F,54,1.64,60.7,22.6,Lazio
1700,F,49,1.576,74.6,30.0,Lazio
1701,F,54,1.683,67.1,23.7,Marche
1702,M,60,1.646,57.1,21.1,Basilicata
1703,M,50,1.693,73.5,25.7,Lazio
1704,F,47,1.729,70.5,23.6,Friuli-Venezia Giulia
1705,M,31,1.721,66.6,22.5,Trentino-Alto Adige
1706,M,34,1.698,62.6,21.7,Basilicata
1707,F,62,1.585,83.7,33.3,Veneto
1708,M,66,1.892,86.8,24.2,Sardegna
1709,F,41,1.739,58.1,19.2,Friuli-Venezia Giulia
1710,F,45,1.621,77.4,29.5,Abruzzo
1711,M,31,1.769,84.0,26.8,Basilicata
1712,M,62,1.779,71.9,22.7,Calabria
1713,F,54,1.611,57.6,22.2,Sicilia
1714,M,74,1.693,77.4,27.0,Basilicata
1715,M,31,1.826,80.9,24.3,Liguria
1716,F,39,1.625,50.7,19.2,Emilia-Romagna
1717,M,48,1.656,83.3,30.4,Friuli-Venezia Giulia
1718,F,54,1.57,58.4,23.7,Abruzzo
1719,F,41,1.517,67.9,29.5,Sicilia
1720,M,31,1.931,107.5,28.8,Trentino-Alto Adige
1721,M,58,1.666,61.1,22.0,Sardegna
1722,M,55,1.799,90.9,28.1,Sardegna
1723,M,31,1.721,68.3,23.0,Sardegna
1724,M,65,1.805,63.2,19.4,Marche
1725,F,62,1.557,57.5,23.7,Lazio
1726,M,47,1.662,72.3,26.2,Calabria
1727,F,46,1.615,61.6,23.6,Veneto
1728,F,53,1.666,66.8,24.1,Puglia
1729,F,32,1.574,70.4,28.4,Trentino-Alto Adige
1730,F,45,1.702,73.4,25.3,Emilia-Romagna
1731,M,18,1.822,74.6,22.5,Emilia-Romagna
1732,F,58,1.618,70.9,27.1,Calabria
1733,F,21,1.695,73.5,25.6,Campania
1734,M,67,1.779,55.2,17.4,Trentino-Alto Adige
1735,M,40,1.665,72.9,26.3,Friuli-Venezia Giulia
1736,F,41,1.683,74.1,26.2,Molise
1737,M,35,1.708,73.1,25.1,Marche
1738,M,40,1.814,91.0,27.7,Trentino-Alto Adige
1739,M,66,1.86,79.5,23.0,Abruzzo
1740,M,18,1.782,82.6,26.0,Trentino-Alto Adige
1741,F,64,1.582,50.8,20.3,Calabria
1742,F,50,1.561,63.9,26.2,Lazio
1743,F,26,1.627,81.7,30.9,Liguria
1744,M,28,1.738,66.5,22.0,Friuli-Venezia Giulia
1745,M,70,1.756,70.0,22.7,Lazio
1746,M,30,1.803,74.4,22.9,Emilia-Romagna
1747,M,27,1.799,82.1,25.4,Molise
1748,M,62,1.77,68.3,21.8,Abruzzo
1749,F,50,1.58,65.6,26.3,Veneto
1750,M,30,1.728,82.2,27.5,Molise
1751,F,48,1.593,67.5,26.6,Basilicata
1752,M,29,1.789,63.0,19.7,Umbria
1753,M,61,1.732,84.0,28.0,Puglia
1754,M,60,1.826,92.7,27.8,Umbria
1755,F,52,1.681,77.7,27.5,Lombardia
1756,F,50,1.706,76.0,26.1,Friuli-Venezia Giulia
1757,F,71,1.557,62.2,25.7,Umbria
1758,M,44,1.681,79.4,28.1,Trentino-Alto Adige
1759,M,27,1.731,92.2,30.8,Trentino-Alto Adige
1760,F,51,1.575,54.9,22.1,Sardegna
1761,M,76,1.694,81.0,28.2,Lazio
1762,F,29,1.503,55.9,24.7,Piemonte
1763,M,39,1.704,71.5,24.6,Friuli-Venezia Giulia
1764,M,51,1.732,61.2,20.4,Veneto
1765,M,44,1.644,65.3,24.1,Veneto
1766,M,30,1.735,66.2,22.0,Umbria
1767,F,61,1.641,63.6,23.6,Umbria
1768,M,79,1.788,69.4,21.7,Liguria
1769,M,47,1.766,73.7,23.7,Veneto
1770,M,31,1.666,66.0,23.8,Lombardia
1771,M,21,1.826,84.3,25.3,Liguria
1772,F,48,1.635,53.9,20.2,Liguria
1773,F,61,1.648,56.2,20.7,Piemonte
1774,F,52,1.662,72.1,26.1,Puglia
1775,F,44,1.691,64.6,22.6,Lazio
1776,M,36,1.765,87.9,28.2,Umbria
1777,F,28,1.537,60.7,25.7,Calabria
1778,M,57,1.628,71.1,26.8,Umbria
1779,M,58,1.712,85.7,29.2,Puglia
1780,F,21,1.663,66.6,24.1,Basilicata
1781,M,68,1.768,72.8,23.3,Trentino-Alto Adige
1782,F,53,1.704,80.2,27.6,Umbria
1783,M,65,1.696,76.3,26.5,Abruzzo
1784,F,24,1.638,65.6,24.4,Calabria
1785,F,24,1.618,76.4,29.2,Lombardia
1786,F,42,1.516,56.0,24.4,Piemonte
1787,F,52,1.621,66.0,25.1,Puglia
1788,F,71,1.693,71.8,25.1,Molise
1789,M,55,1.676,62.4,22.2,Molise
1790,F,41,1.645,68.3,25.2,Friuli-Venezia Giulia
1791,M,29,1.631,77.6,29.2,Basilicata
1792,F,63,1.565,64.5,26.3,Abruzzo
1793,F,30,1.593,63.7,25.1,Sicilia
1794,F,69,1.559,59.6,24.5,Sicilia
1795,M,40,1.731,77.9,26.0,Trentino-Alto Adige
1796,M,68,1.596,69.4,27.2,Veneto
1797,F,55,1.566,65.8,26.8,Basilicata
1798,M,42,1.752,73.7,24.0,Trentino-Alto Adige
1799,M,37,1.793,83.5,26.0,Trentino-Alto Adige
1800,M,39,1.776,83.4,26.4,Trentino-Alto Adige
1801,F,51,1.59,55.6,22.0,Trentino-Alto Adige
1802,F,46,1.691,72.9,25.5,Campania
1803,M,36,1.712,54.3,18.5,Friuli-Venezia Giulia
1804,M,42,1.813,86.9,26.4,Trentino-Alto Adige
1805,M,46,1.636,72.2,27.0,Sardegna
1806,F,18,1.606,70.3,27.2,Abruzzo
1807,F,51,1.548,57.1,23.8,Sicilia
1808,M,30,1.731,77.7,25.9,Liguria
1809,M,27,1.747,89.3,29.3,Umbria
1810,M,19,1.758,90.4,29.2,Umbria
1811,F,18,1.684,70.6,24.9,Lazio
1812,F,24,1.587,64.0,25.4,Liguria
1813,M,34,1.737,85.5,28.3,Lazio
1814,M,74,1.645,55.5,20.5,Veneto
1815,M,37,1.845,81.8,24.0,Abruzzo
1816,F,47,1.592,73.5,29.0,Lombardia
1817,M,51,1.716,82.2,27.9,Emilia-Romagna
1818,F,46,1.59,66.0,26.1,Emilia-Romagna
1819,F,43,1.633,54.6,20.5,Sardegna
1820,M,27,1.671,69.4,24.9,Piemonte
1821,M,66,1.673,65.0,23.2,Marche
1822,M,72,1.745,79.2,26.0,Abruzzo
1823,F,19,1.648,61.3,22.6,Liguria
1824,F,29,1.738,66.2,21.9,Molise
1825,F,40,1.648,51.1,18.8,Lazio
1826,F,30,1.657,78.7,28.7,Basilicata
1827,M,52,1.793,76.5,23.8,Lazio
1828,F,34,1.644,68.8,25.5,Piemonte
1829,F,77,1.676,70.2,25.0,Lombardia
1830,M,62,1.707,63.5,21.8,Liguria
1831,F,48,1.601,54.4,21.2,Molise
1832,F,60,1.572,54.3,22.0,Sardegna
1833,F,61,1.605,58.8,22.8,Molise
1834,F,36,1.639,70.1,26.1,Lombardia
1835,F,32,1.601,58.0,22.6,Basilicata
1836,F,46,1.639,81.2,30.2,Emilia-Romagna
1837,M,57,1.657,77.1,28.1,Umbria
1838,M,47,1.598,70.0,27.4,Lombardia
1839,F,21,1.697,71.0,24.6,Calabria
1840,M,32,1.761,91.6,29.5,Lazio
1841,M,43,1.757,75.2,24.3,Friuli-Venezia Giulia
1842,M,43,1.76,77.2,24.9,Sardegna
1843,M,74,1.651,69.6,25.5,Piemonte
1844,F,24,1.51,61.8,27.1,Veneto
1845,F,52,1.703,78.1,26.9,Puglia
1846,M,67,1.801,76.5,23.6,Puglia
1847,M,79,1.618,61.2,23.4,Veneto
1848,M,38,1.772,84.5,26.9,Marche
1849,F,52,1.582,68.0,27.1,Emilia-Romagna
1850,F,53,1.654,65.2,23.8,Abruzzo
1851,M,47,1.787,64.7,20.2,Abruzzo
1852,F,43,1.609,63.1,24.4,Friuli-Venezia Giulia
1853,F,51,1.574,66.5,26.9,Sicilia
1854,F,18,1.72,90.0,30.4,Molise
1855,F,55,1.597,54.6,21.4,Sardegna
1856,M,46,1.831,79.5,23.7,Campania
1857,F,41,1.507,54.2,23.8,Marche
1858,M,75,1.828,97.2,29.1,Lombardia
1859,F,34,1.683,70.5,24.9,Liguria
1860,F,38,1.626,58.9,22.3,Molise
1861,F,74,1.606,68.8,26.7,Abruzzo
1862,F,32,1.644,64.3,23.8,Friuli-Venezia Giulia
1863,M,36,1.7,61.7,21.3,Puglia
1864,F,42,1.514,51.2,22.3,Friuli-Venezia Giulia
1865,F,57,1.667,83.9,30.2,Lazio
1866,F,48,1.565,64.1,26.2,Campania
1867,M,25,1.71,74.1,25.3,Campania
1868,M,37,1.667,67.4,24.3,Piemonte
1869,M,35,1.752,79.5,25.9,Sardegna
1870,F,43,1.619,67.8,25.8,Molise
1871,F,51,1.552,62.3,25.9,Molise
1872,M,51,1.744,77.1,25.3,Trentino-Alto Adige
1873,F,18,1.512,63.1,27.6,Basilicata
1874,F,60,1.652,68.4,25.1,Emilia-Romagna
1875,F,48,1.6,56.5,22.1,Lombardia
1876,F,65,1.55,55.6,23.2,Friuli-Venezia Giulia
1877,F,51,1.632,50.8,19.1,Veneto
1878,F,61,1.527,72.4,31.1,Lombardia
1879,M,51,1.702,79.9,27.6,Friuli-Venezia Giulia
1880,F,65,1.535,53.0,22.5,Sardegna
1881,F,52,1.648,65.6,24.2,Marche
1882,F,43,1.565,56.5,23.1,Lazio
1883,F,79,1.593,75.2,29.6,Basilicata
1884,F,58,1.638,55.6,20.7,Umbria
1885,M,53,1.746,77.3,25.3,Abruzzo
1886,M,25,1.833,82.9,24.7,Molise
1887,M,25,1.774,86.5,27.5,Trentino-Alto Adige
1888,M,49,1.746,75.2,24.7,Molise
1889,F,47,1.726,58.8,19.7,Lazio
1890,F,35,1.788,77.5,24.2,Lazio
1891,M,47,1.69,63.1,22.1,Campania
1892,M,68,1.712,74.0,25.2,Veneto
1893,F,55,1.513,67.1,29.3,Basilicata
1894,M,27,1.734,59.5,19.8,Umbria
1895,F,43,1.667,62.8,22.6,Marche
1896,F,32,1.591,59.1,23.3,Calabria
1897,F,39,1.694,68.5,23.9,Trentino-Alto Adige
1898,M,38,1.652,74.2,27.2,Basilicata
1899,M,37,1.719,72.3,24.5,Liguria
1900,F,26,1.649,71.3,26.2,Piemonte
1901,F,43,1.556,56.0,23.1,Sardegna
1902,M,36,1.672,71.9,25.7,Puglia
1903,F,18,1.557,66.2,27.3,Basilicata
1904,M,75,1.848,77.9,22.8,Campania
1905,F,61,1.565,67.0,27.3,Lazio
1906,M,39,1.731,75.3,25.2,Basilicata
1907,F,45,1.583,70.5,28.1,Calabria
1908,M,27,1.736,73.5,24.4,Basilicata
1909,M,70,1.747,79.8,26.1,Sicilia
1910,M,73,1.796,80.3,24.9,Sardegna
1911,M,47,1.826,82.4,24.7,Abruzzo
1912,F,60,1.551,62.0,25.8,Molise
1913,F,47,1.747,81.2,26.6,Umbria
1914,M,24,1.749,65.0,21.3,Sicilia
1915,M,38,1.771,91.9,29.3,Calabria
1916,F,46,1.598,49.6,19.4,Sicilia
1917,F,38,1.595,58.4,22.9,Basilicata
1918,F,41,1.657,67.9,24.7,Umbria
1919,M,43,1.856,90.4,26.2,Lazio
1920,M,43,1.777,93.8,29.7,Trentino-Alto Adige
1921,F,45,1.546,46.4,19.4,Campania
1922,M,29,1.715,69.0,23.5,Sicilia
1923,F,34,1.614,48.5,18.6,Lombardia
1924,M,25,1.865,87.2,25.1,Calabria
1925,F,59,1.485,56.9,25.8,Friuli-Venezia Giulia
1926,M,18,1.749,91.0,29.8,Trentino-Alto Adige
1927,F,62,1.735,76.4,25.4,Friuli-Venezia Giulia
1928,M,65,1.827,93.9,28.1,Lombardia
1929,F,40,1.606,69.0,26.8,Sardegna
1930,M,18,1.782,75.2,23.7,Basilicata
1931,F,39,1.586,52.3,20.8,Campania
1932,F,44,1.601,66.2,25.8,Marche
1933,F,29,1.6,52.5,20.5,Campania
1934,F,37,1.582,72.3,28.9,Umbria
1935,F,67,1.694,70.3,24.5,Friuli-Venezia Giulia
1936,F,54,1.648,77.6,28.6,Molise
1937,M,31,1.7,68.1,23.6,Emilia-Romagna
1938,F,21,1.669,71.8,25.8,Emilia-Romagna
1939,M,40,1.721,75.9,25.6,Veneto
1940,M,41,1.822,82.5,24.9,Puglia
1941,M,52,1.723,70.4,23.7,Basilicata
1942,M,36,1.896,94.1,26.2,Basilicata
1943,F,52,1.556,53.8,22.2,Umbria
1944,F,74,1.59,54.0,21.4,Emilia-Romagna
1945,F,57,1.589,72.5,28.7,Veneto
1946,F,44,1.747,83.0,27.2,Liguria
1947,M,42,1.596,64.2,25.2,Sardegna
1948,M,39,1.862,104.0,30.0,Calabria
1949,M,62,1.799,78.3,24.2,Lombardia
1950,M,35,1.787,92.5,29.0,Lombardia
1951,M,45,1.762,79.2,25.5,Puglia
1952,M,45,1.653,59.9,21.9,Campania
1953,F,37,1.58,76.2,30.5,Lazio
1954,F,24,1.485,61.7,28.0,Sicilia
1955,F,49,1.632,65.6,24.6,Liguria
1956,F,44,1.573,67.3,27.2,Veneto
1957,F,52,1.572,58.8,23.8,Sardegna
1958,M,36,1.74,83.2,27.5,Puglia
1959,F,63,1.725,53.0,17.8,Abruzzo
1960,F,31,1.764,68.3,21.9,Veneto
1961,M,70,1.795,90.0,27.9,Marche
1962,M,18,1.768,75.8,24.3,Abruzzo
1963,F,51,1.549,61.5,25.6,Puglia
1964,M,52,1.644,56.6,21.0,Umbria
1965,F,33,1.727,91.1,30.5,Abruzzo
1966,F,51,1.605,73.6,28.6,Lombardia
1967,M,64,1.663,67.5,24.4,Piemonte
1968,M,18,1.645,64.3,23.8,Liguria
1969,M,52,1.698,81.0,28.1,Abruzzo
1970,M,18,1.704,89.8,30.9,Lombardia
1971,M,30,1.803,90.5,27.9,Liguria
1972,F,69,1.647,85.5,31.5,Liguria
1973,M,36,1.69,63.5,22.2,Puglia
1974,F,27,1.573,55.7,22.5,Campania
1975,M,42,1.828,71.6,21.4,Marche
1976,F,76,1.596,67.0,26.3,Piemonte
1977,M,18,1.737,77.1,25.5,Puglia
1978,M,29,1.742,74.5,24.5,Veneto
1979,F,67,1.696,78.9,27.4,Sardegna
1980,F,72,1.657,78.8,28.7,Basilicata
1981,M,43,1.842,69.3,20.4,Marche
1982,F,26,1.594,58.9,23.2,Friuli-Venezia Giulia
1983,M,76,1.739,83.0,27.5,Piemonte
1984,M,68,1.925,87.4,23.6,Calabria
1985,M,55,1.676,63.5,22.6,Sardegna
1986,M,32,1.725,83.5,28.1,Trentino-Alto Adige
1987,F,44,1.576,52.5,21.1,Trentino-Alto Adige
1988,M,42,1.817,79.5,24.1,Friuli-Venezia Giulia
1989,M,49,1.868,90.7,26.0,Basilicata
1990,F,66,1.618,60.9,23.3,Sicilia
1991,F,58,1.668,76.1,27.3,Lazio
1992,M,28,1.736,70.2,23.3,Basilicata
1993,F,65,1.683,82.8,29.2,Lombardia
1994,M,49,1.633,65.7,24.6,Campania
1995,F,55,1.621,71.0,27.0,Liguria
1996,F,66,1.561,66.4,27.2,Basilicata
1997,F,28,1.664,64.0,23.1,Molise
1998,M,44,1.843,64.0,18.8,Umbria
1999,M,37,1.682,73.8,26.1,Calabria
2000,M,21,1.778,79.8,25.2,Marche
